standard,family,shape,lb_per_ft,A_in2,d_in,bf_in,tf_in,tw_in,rx_in,ry_in,T,kdes
AISC,W,W44X408,408.0,120.0,44.8,16.1,2.17,1.22,18.0,3.56,38.0,2.96
AISC,W,W44X368,368.0,108.0,44.4,16.0,1.97,1.1,17.9,3.54,38.0,2.76
AISC,W,W44X335,335.0,98.5,44.0,15.9,1.77,1.03,17.8,3.49,38.0,2.56
AISC,W,W44X290,290.0,85.4,43.6,15.8,1.58,0.865,17.8,3.49,38.0,2.36
AISC,W,W44X262,262.0,77.2,43.3,15.8,1.42,0.785,17.7,3.47,38.0,2.2
AISC,W,W44X230,230.0,67.8,42.9,15.8,1.22,0.71,17.5,3.43,38.0,2.01
AISC,W,W40X655,655.0,193.0,43.6,16.9,3.54,1.97,17.1,3.86,34.0,4.72
AISC,W,W40X593,593.0,174.0,43.0,16.7,3.23,1.79,17.0,3.8,34.0,4.41
AISC,W,W40X503,503.0,148.0,42.1,16.4,2.76,1.54,16.8,3.72,34.0,3.94
AISC,W,W40X431,431.0,127.0,41.3,16.2,2.36,1.34,16.6,3.65,34.0,3.54
AISC,W,W40X397,397.0,117.0,41.0,16.1,2.2,1.22,16.6,3.64,34.0,3.38
AISC,W,W40X372,372.0,110.0,40.6,16.1,2.05,1.16,16.5,3.6,34.0,3.23
AISC,W,W40X362,362.0,106.0,40.6,16.0,2.01,1.12,16.5,3.6,34.0,3.19
AISC,W,W40X324,324.0,95.3,40.2,15.9,1.81,1.0,16.4,3.58,34.0,2.99
AISC,W,W40X297,297.0,87.3,39.8,15.8,1.65,0.93,16.3,3.54,34.0,2.83
AISC,W,W40X277,277.0,81.5,39.7,15.8,1.58,0.83,16.4,3.58,34.0,2.76
AISC,W,W40X249,249.0,73.5,39.4,15.8,1.42,0.75,16.3,3.55,34.0,2.6
AISC,W,W40X215,215.0,63.5,39.0,15.8,1.22,0.65,16.2,3.54,34.0,2.4
AISC,W,W40X199,199.0,58.8,38.7,15.8,1.07,0.65,16.0,3.45,34.0,2.25
AISC,W,W40X392,392.0,116.0,41.6,12.4,2.52,1.42,16.1,2.64,34.0,3.7
AISC,W,W40X331,331.0,97.7,40.8,12.2,2.13,1.22,15.9,2.57,34.0,3.31
AISC,W,W40X327,327.0,95.9,40.8,12.1,2.13,1.18,16.0,2.58,34.0,3.31
AISC,W,W40X294,294.0,86.2,40.4,12.0,1.93,1.06,15.9,2.55,34.0,3.11
AISC,W,W40X278,278.0,82.3,40.2,12.0,1.81,1.03,15.8,2.52,34.0,2.99
AISC,W,W40X264,264.0,77.4,40.0,11.9,1.73,0.96,15.8,2.52,34.0,2.91
AISC,W,W40X235,235.0,69.1,39.7,11.9,1.58,0.83,15.9,2.54,34.0,2.76
AISC,W,W40X211,211.0,62.1,39.4,11.8,1.42,0.75,15.8,2.51,34.0,2.6
AISC,W,W40X183,183.0,53.3,39.0,11.8,1.2,0.65,15.7,2.49,34.0,2.38
AISC,W,W40X167,167.0,49.3,38.6,11.8,1.03,0.65,15.3,2.4,34.0,2.21
AISC,W,W40X149,149.0,43.8,38.2,11.8,0.83,0.63,15.0,2.29,34.0,2.01
AISC,W,W36X925,925.0,272.0,43.1,18.6,4.53,3.02,16.4,4.26,32.375,5.28
AISC,W,W36X853,853.0,251.0,43.1,18.2,4.53,2.52,16.7,4.28,32.375,5.28
AISC,W,W36X802,802.0,236.0,42.6,18.0,4.29,2.38,16.6,4.22,32.375,5.04
AISC,W,W36X723,723.0,213.0,41.8,17.8,3.9,2.17,16.4,4.17,32.375,4.65
AISC,W,W36X652,652.0,192.0,41.1,17.6,3.54,1.97,16.2,4.1,31.375,4.49
AISC,W,W36X529,529.0,156.0,39.8,17.2,2.91,1.61,16.0,4.0,31.375,3.86
AISC,W,W36X487,487.0,143.0,39.3,17.1,2.68,1.5,15.8,3.96,31.375,3.63
AISC,W,W36X441,441.0,130.0,38.9,17.0,2.44,1.36,15.7,3.92,31.375,3.39
AISC,W,W36X395,395.0,116.0,38.4,16.8,2.2,1.22,15.7,3.88,31.375,3.15
AISC,W,W36X361,361.0,106.0,38.0,16.7,2.01,1.12,15.6,3.85,31.375,2.96
AISC,W,W36X330,330.0,96.9,37.7,16.6,1.85,1.02,15.5,3.83,31.375,2.8
AISC,W,W36X302,302.0,89.0,37.3,16.7,1.68,0.945,15.4,3.82,31.375,2.63
AISC,W,W36X282,282.0,82.9,37.1,16.6,1.57,0.885,15.4,3.8,31.375,2.52
AISC,W,W36X262,262.0,77.2,36.9,16.6,1.44,0.84,15.3,3.76,31.375,2.39
AISC,W,W36X247,247.0,72.5,36.7,16.5,1.35,0.8,15.2,3.74,31.375,2.3
AISC,W,W36X231,231.0,68.2,36.5,16.5,1.26,0.76,15.1,3.71,31.375,2.21
AISC,W,W36X387,387.0,114.0,39.1,12.7,2.56,1.42,15.2,2.78,31.5,3.31
AISC,W,W36X350,350.0,103.0,38.6,12.6,2.32,1.3,15.1,2.75,31.5,3.07
AISC,W,W36X318,318.0,93.4,38.2,12.4,2.13,1.18,15.1,2.7,31.5,2.88
AISC,W,W36X286,286.0,83.9,37.8,12.3,1.93,1.06,15.0,2.68,31.5,2.68
AISC,W,W36X256,256.0,75.3,37.4,12.2,1.73,0.96,14.9,2.65,31.5,2.48
AISC,W,W36X232,232.0,68.0,37.1,12.1,1.57,0.87,14.8,2.62,31.5,2.32
AISC,W,W36X210,210.0,61.9,36.7,12.2,1.36,0.83,14.6,2.58,31.5,2.11
AISC,W,W36X194,194.0,57.0,36.5,12.1,1.26,0.765,14.6,2.56,31.5,2.01
AISC,W,W36X182,182.0,53.6,36.3,12.1,1.18,0.725,14.5,2.55,31.5,1.93
AISC,W,W36X170,170.0,50.0,36.2,12.0,1.1,0.68,14.5,2.53,31.5,1.85
AISC,W,W36X160,160.0,47.0,36.0,12.0,1.02,0.65,14.4,2.5,31.5,1.77
AISC,W,W36X150,150.0,44.3,35.9,12.0,0.94,0.625,14.3,2.47,31.5,1.69
AISC,W,W36X135,135.0,39.9,35.6,12.0,0.79,0.6,14.0,2.38,31.5,1.54
AISC,W,W33X387,387.0,114.0,36.0,16.2,2.28,1.26,14.6,3.77,28.875,3.07
AISC,W,W33X354,354.0,104.0,35.6,16.1,2.09,1.16,14.5,3.74,28.875,2.88
AISC,W,W33X318,318.0,93.7,35.2,16.0,1.89,1.04,14.5,3.71,28.875,2.68
AISC,W,W33X291,291.0,85.6,34.8,15.9,1.73,0.96,14.4,3.68,28.875,2.52
AISC,W,W33X263,263.0,77.4,34.5,15.8,1.57,0.87,14.3,3.66,28.875,2.36
AISC,W,W33X241,241.0,71.1,34.2,15.9,1.4,0.83,14.1,3.62,28.875,2.19
AISC,W,W33X221,221.0,65.3,33.9,15.8,1.28,0.775,14.1,3.59,28.875,2.06
AISC,W,W33X201,201.0,59.1,33.7,15.7,1.15,0.715,14.0,3.56,28.875,1.94
AISC,W,W33X169,169.0,49.5,33.8,11.5,1.22,0.67,13.7,2.5,28.875,1.92
AISC,W,W33X152,152.0,44.9,33.5,11.6,1.06,0.635,13.5,2.47,28.875,1.76
AISC,W,W33X141,141.0,41.5,33.3,11.5,0.96,0.605,13.4,2.43,28.875,1.66
AISC,W,W33X130,130.0,38.3,33.1,11.5,0.855,0.58,13.2,2.39,28.875,1.56
AISC,W,W33X118,118.0,34.7,32.9,11.5,0.74,0.55,13.0,2.32,28.875,1.44
AISC,W,W30X391,391.0,115.0,33.2,15.6,2.44,1.36,13.4,3.67,25.75,3.23
AISC,W,W30X357,357.0,105.0,32.8,15.5,2.24,1.24,13.3,3.64,25.75,3.03
AISC,W,W30X326,326.0,95.9,32.4,15.4,2.05,1.14,13.2,3.6,25.75,2.84
AISC,W,W30X292,292.0,86.0,32.0,15.3,1.85,1.02,13.2,3.58,25.75,2.64
AISC,W,W30X261,261.0,77.0,31.6,15.2,1.65,0.93,13.1,3.53,25.75,2.44
AISC,W,W30X235,235.0,69.3,31.3,15.1,1.5,0.83,13.0,3.51,25.75,2.29
AISC,W,W30X211,211.0,62.3,30.9,15.1,1.32,0.775,12.9,3.49,25.75,2.1
AISC,W,W30X191,191.0,56.1,30.7,15.0,1.19,0.71,12.8,3.46,25.75,1.97
AISC,W,W30X173,173.0,50.9,30.4,15.0,1.07,0.655,12.7,3.42,25.75,1.85
AISC,W,W30X148,148.0,43.6,30.7,10.5,1.18,0.65,12.4,2.28,25.75,1.83
AISC,W,W30X132,132.0,38.8,30.3,10.5,1.0,0.615,12.2,2.25,25.75,1.65
AISC,W,W30X124,124.0,36.5,30.2,10.5,0.93,0.585,12.1,2.23,25.75,1.58
AISC,W,W30X116,116.0,34.2,30.0,10.5,0.85,0.565,12.0,2.19,25.75,1.5
AISC,W,W30X108,108.0,31.7,29.8,10.5,0.76,0.545,11.9,2.15,25.75,1.41
AISC,W,W30X99,99.0,29.0,29.7,10.5,0.67,0.52,11.7,2.1,25.75,1.32
AISC,W,W30X90,90.0,26.3,29.5,10.4,0.61,0.47,11.7,2.09,25.75,1.26
AISC,W,W27X539,539.0,159.0,32.5,15.3,3.54,1.97,12.7,3.65,23.0,4.33
AISC,W,W27X368,368.0,109.0,30.4,14.7,2.48,1.38,12.2,3.48,23.0,3.27
AISC,W,W27X336,336.0,99.2,30.0,14.6,2.28,1.26,12.1,3.45,23.0,3.07
AISC,W,W27X307,307.0,90.2,29.6,14.4,2.09,1.16,12.0,3.41,23.0,2.88
AISC,W,W27X281,281.0,83.1,29.3,14.4,1.93,1.06,12.0,3.39,23.0,2.72
AISC,W,W27X258,258.0,76.1,29.0,14.3,1.77,0.98,11.9,3.36,23.0,2.56
AISC,W,W27X235,235.0,69.4,28.7,14.2,1.61,0.91,11.8,3.33,23.0,2.4
AISC,W,W27X217,217.0,63.9,28.4,14.1,1.5,0.83,11.8,3.32,23.0,2.29
AISC,W,W27X194,194.0,57.1,28.1,14.0,1.34,0.75,11.7,3.29,23.0,2.13
AISC,W,W27X178,178.0,52.5,27.8,14.1,1.19,0.725,11.6,3.25,23.0,1.98
AISC,W,W27X161,161.0,47.6,27.6,14.0,1.08,0.66,11.5,3.23,23.0,1.87
AISC,W,W27X146,146.0,43.2,27.4,14.0,0.975,0.605,11.5,3.2,23.0,1.76
AISC,W,W27X129,129.0,37.8,27.6,10.0,1.1,0.61,11.2,2.21,23.0,1.7
AISC,W,W27X114,114.0,33.6,27.3,10.1,0.93,0.57,11.0,2.18,23.0,1.53
AISC,W,W27X102,102.0,30.0,27.1,10.0,0.83,0.515,11.0,2.15,23.0,1.43
AISC,W,W27X94,94.0,27.6,26.9,10.0,0.745,0.49,10.9,2.12,23.0,1.34
AISC,W,W27X84,84.0,24.7,26.7,10.0,0.64,0.46,10.7,2.07,23.0,1.24
AISC,W,W24X370,370.0,109.0,28.0,13.7,2.72,1.52,11.1,3.27,20.0,3.22
AISC,W,W24X335,335.0,98.3,27.5,13.5,2.48,1.38,11.0,3.23,20.0,2.98
AISC,W,W24X306,306.0,89.7,27.1,13.4,2.28,1.26,10.9,3.2,20.0,2.78
AISC,W,W24X279,279.0,81.9,26.7,13.3,2.09,1.16,10.8,3.17,20.0,2.59
AISC,W,W24X250,250.0,73.5,26.3,13.2,1.89,1.04,10.7,3.14,20.0,2.39
AISC,W,W24X229,229.0,67.2,26.0,13.1,1.73,0.96,10.7,3.11,20.0,2.23
AISC,W,W24X207,207.0,60.7,25.7,13.0,1.57,0.87,10.6,3.08,20.0,2.07
AISC,W,W24X192,192.0,56.5,25.5,13.0,1.46,0.81,10.5,3.07,20.0,1.96
AISC,W,W24X176,176.0,51.7,25.2,12.9,1.34,0.75,10.5,3.04,20.0,1.84
AISC,W,W24X162,162.0,47.8,25.0,13.0,1.22,0.705,10.4,3.05,20.0,1.72
AISC,W,W24X146,146.0,43.0,24.7,12.9,1.09,0.65,10.3,3.01,20.0,1.59
AISC,W,W24X131,131.0,38.6,24.5,12.9,0.96,0.605,10.2,2.97,20.0,1.46
AISC,W,W24X117,117.0,34.4,24.3,12.8,0.85,0.55,10.1,2.94,20.0,1.35
AISC,W,W24X104,104.0,30.7,24.1,12.8,0.75,0.5,10.1,2.91,20.0,1.25
AISC,W,W24X103,103.0,30.3,24.5,9.0,0.98,0.55,10.0,1.99,20.0,1.48
AISC,W,W24X94,94.0,27.7,24.3,9.07,0.875,0.515,9.87,1.98,20.0,1.38
AISC,W,W24X84,84.0,24.7,24.1,9.02,0.77,0.47,9.79,1.95,20.0,1.27
AISC,W,W24X76,76.0,22.4,23.9,8.99,0.68,0.44,9.69,1.92,20.0,1.18
AISC,W,W24X68,68.0,20.1,23.7,8.97,0.585,0.415,9.55,1.87,20.0,1.09
AISC,W,W24X62,62.0,18.2,23.7,7.04,0.59,0.43,9.23,1.38,20.75,1.09
AISC,W,W24X55,55.0,16.2,23.6,7.01,0.505,0.395,9.11,1.34,20.75,1.01
AISC,W,W21X275,275.0,81.8,24.1,12.9,2.19,1.22,9.7,3.1,17.25,3.37
AISC,W,W21X248,248.0,73.8,23.7,12.8,1.99,1.1,9.62,3.08,17.25,3.17
AISC,W,W21X223,223.0,66.5,23.4,12.7,1.79,1.0,9.56,3.04,17.25,2.97
AISC,W,W21X201,201.0,59.3,23.0,12.6,1.63,0.91,9.47,3.02,17.25,2.13
AISC,W,W21X182,182.0,53.6,22.7,12.5,1.48,0.83,9.4,3.0,17.25,1.98
AISC,W,W21X166,166.0,48.8,22.5,12.4,1.36,0.75,9.36,2.99,17.25,1.86
AISC,W,W21X147,147.0,43.2,22.1,12.5,1.15,0.72,9.17,2.95,17.25,1.65
AISC,W,W21X132,132.0,38.8,21.8,12.4,1.04,0.65,9.12,2.93,17.25,1.54
AISC,W,W21X122,122.0,35.9,21.7,12.4,0.96,0.6,9.09,2.92,17.25,1.46
AISC,W,W21X111,111.0,32.6,21.5,12.3,0.875,0.55,9.05,2.9,17.25,1.38
AISC,W,W21X101,101.0,29.8,21.4,12.3,0.8,0.5,9.02,2.89,17.25,1.3
AISC,W,W21X93,93.0,27.3,21.6,8.42,0.93,0.58,8.7,1.84,18.375,1.43
AISC,W,W21X83,83.0,24.4,21.4,8.36,0.835,0.515,8.67,1.83,18.375,1.34
AISC,W,W21X73,73.0,21.5,21.2,8.3,0.74,0.455,8.64,1.81,18.375,1.24
AISC,W,W21X68,68.0,20.0,21.1,8.27,0.685,0.43,8.6,1.8,18.375,1.19
AISC,W,W21X62,62.0,18.3,21.0,8.24,0.615,0.4,8.54,1.77,18.375,1.12
AISC,W,W21X55,55.0,16.2,20.8,8.22,0.522,0.375,8.4,1.73,18.375,1.02
AISC,W,W21X48,48.0,14.1,20.6,8.14,0.43,0.35,8.24,1.66,18.375,0.93
AISC,W,W21X57,57.0,16.7,21.1,6.56,0.65,0.405,8.36,1.35,18.375,1.15
AISC,W,W21X50,50.0,14.7,20.8,6.53,0.535,0.38,8.18,1.3,18.375,1.04
AISC,W,W21X44,44.0,13.0,20.7,6.5,0.45,0.35,8.06,1.26,18.375,0.95
AISC,W,W18X311,311.0,91.6,22.3,12.0,2.74,1.52,8.72,2.95,15.125,3.24
AISC,W,W18X283,283.0,83.3,21.9,11.9,2.5,1.4,8.61,2.91,15.125,3.0
AISC,W,W18X258,258.0,76.0,21.5,11.8,2.3,1.28,8.53,2.88,15.125,2.7
AISC,W,W18X234,234.0,68.6,21.1,11.7,2.11,1.16,8.44,2.85,15.125,2.51
AISC,W,W18X211,211.0,62.3,20.7,11.6,1.91,1.06,8.35,2.82,15.125,2.31
AISC,W,W18X192,192.0,56.2,20.4,11.5,1.75,0.96,8.28,2.79,15.125,2.15
AISC,W,W18X175,175.0,51.4,20.0,11.4,1.59,0.89,8.2,2.76,15.125,1.99
AISC,W,W18X158,158.0,46.3,19.7,11.3,1.44,0.81,8.12,2.74,15.125,1.84
AISC,W,W18X143,143.0,42.0,19.5,11.2,1.32,0.73,8.09,2.72,15.125,1.72
AISC,W,W18X130,130.0,38.3,19.3,11.2,1.2,0.67,8.03,2.7,15.125,1.6
AISC,W,W18X119,119.0,35.1,19.0,11.3,1.06,0.655,7.9,2.69,15.125,1.46
AISC,W,W18X106,106.0,31.1,18.7,11.2,0.94,0.59,7.84,2.66,15.125,1.34
AISC,W,W18X97,97.0,28.5,18.6,11.1,0.87,0.535,7.82,2.65,15.125,1.27
AISC,W,W18X86,86.0,25.3,18.4,11.1,0.77,0.48,7.77,2.63,15.125,1.17
AISC,W,W18X76,76.0,22.3,18.2,11.0,0.68,0.425,7.73,2.61,15.125,1.08
AISC,W,W18X71,71.0,20.9,18.5,7.64,0.81,0.495,7.5,1.7,15.5,1.21
AISC,W,W18X65,65.0,19.1,18.4,7.59,0.75,0.45,7.49,1.69,15.5,1.15
AISC,W,W18X60,60.0,17.6,18.2,7.56,0.695,0.415,7.47,1.68,15.5,1.1
AISC,W,W18X55,55.0,16.2,18.1,7.53,0.63,0.39,7.41,1.67,15.5,1.03
AISC,W,W18X50,50.0,14.7,18.0,7.5,0.57,0.355,7.38,1.65,15.5,0.972
AISC,W,W18X46,46.0,13.5,18.1,6.06,0.605,0.36,7.25,1.29,15.5,1.01
AISC,W,W18X40,40.0,11.8,17.9,6.02,0.525,0.315,7.21,1.27,15.5,0.927
AISC,W,W18X35,35.0,10.3,17.7,6.0,0.425,0.3,7.04,1.22,15.5,0.827
AISC,W,W16X100,100.0,29.4,17.0,10.4,0.985,0.585,7.1,2.51,13.25,1.39
AISC,W,W16X89,89.0,26.2,16.8,10.4,0.875,0.525,7.05,2.49,13.25,1.28
AISC,W,W16X77,77.0,22.6,16.5,10.3,0.76,0.455,7.0,2.47,13.25,1.16
AISC,W,W16X67,67.0,19.6,16.3,10.2,0.665,0.395,6.96,2.46,13.25,1.07
AISC,W,W16X57,57.0,16.8,16.4,7.12,0.715,0.43,6.72,1.6,13.625,1.12
AISC,W,W16X50,50.0,14.7,16.3,7.07,0.63,0.38,6.68,1.59,13.625,1.03
AISC,W,W16X45,45.0,13.3,16.1,7.04,0.565,0.345,6.65,1.57,13.625,0.967
AISC,W,W16X40,40.0,11.8,16.0,7.0,0.505,0.305,6.63,1.57,13.625,0.907
AISC,W,W16X36,36.0,10.6,15.9,6.99,0.43,0.295,6.51,1.52,13.625,0.832
AISC,W,W16X31,31.0,9.13,15.9,5.53,0.44,0.275,6.41,1.17,13.625,0.842
AISC,W,W16X26,26.0,7.68,15.7,5.5,0.345,0.25,6.26,1.12,13.625,0.747
AISC,W,W14X873,873.0,257.0,23.6,18.8,5.51,3.94,8.39,4.9,11.25,6.1
AISC,W,W14X808,808.0,238.0,22.8,18.6,5.12,3.74,8.17,4.83,11.25,5.71
AISC,W,W14X730,730.0,215.0,22.4,17.9,4.91,3.07,8.17,4.69,10.0,5.51
AISC,W,W14X665,665.0,196.0,21.6,17.7,4.52,2.83,7.98,4.62,10.0,5.12
AISC,W,W14X605,605.0,178.0,20.9,17.4,4.16,2.6,7.8,4.55,10.0,4.76
AISC,W,W14X550,550.0,162.0,20.2,17.2,3.82,2.38,7.63,4.49,10.0,4.42
AISC,W,W14X500,500.0,147.0,19.6,17.0,3.5,2.19,7.48,4.43,10.0,4.1
AISC,W,W14X455,455.0,134.0,19.0,16.8,3.21,2.02,7.33,4.38,10.0,3.81
AISC,W,W14X426,426.0,125.0,18.7,16.7,3.04,1.88,7.26,4.34,10.0,3.63
AISC,W,W14X398,398.0,117.0,18.3,16.6,2.85,1.77,7.16,4.31,10.0,3.44
AISC,W,W14X370,370.0,109.0,17.9,16.5,2.66,1.66,7.07,4.27,10.0,3.26
AISC,W,W14X342,342.0,101.0,17.5,16.4,2.47,1.54,6.98,4.24,10.0,3.07
AISC,W,W14X311,311.0,91.4,17.1,16.2,2.26,1.41,6.88,4.2,10.0,2.86
AISC,W,W14X283,283.0,83.3,16.7,16.1,2.07,1.29,6.79,4.17,10.0,2.67
AISC,W,W14X257,257.0,75.6,16.4,16.0,1.89,1.18,6.71,4.13,10.0,2.49
AISC,W,W14X233,233.0,68.5,16.0,15.9,1.72,1.07,6.63,4.1,10.0,2.32
AISC,W,W14X211,211.0,62.0,15.7,15.8,1.56,0.98,6.55,4.07,10.0,2.16
AISC,W,W14X193,193.0,56.8,15.5,15.7,1.44,0.89,6.5,4.05,10.0,2.04
AISC,W,W14X176,176.0,51.8,15.2,15.7,1.31,0.83,6.43,4.02,10.0,1.91
AISC,W,W14X159,159.0,46.7,15.0,15.6,1.19,0.745,6.38,4.0,10.0,1.79
AISC,W,W14X145,145.0,42.7,14.8,15.5,1.09,0.68,6.33,3.98,10.0,1.69
AISC,W,W14X132,132.0,38.8,14.7,14.7,1.03,0.645,6.28,3.76,10.0,1.63
AISC,W,W14X120,120.0,35.3,14.5,14.7,0.94,0.59,6.24,3.74,10.0,1.54
AISC,W,W14X109,109.0,32.0,14.3,14.6,0.86,0.525,6.22,3.73,10.0,1.46
AISC,W,W14X99,99.0,29.1,14.2,14.6,0.78,0.485,6.17,3.71,10.0,1.38
AISC,W,W14X90,90.0,26.5,14.0,14.5,0.71,0.44,6.14,3.7,10.0,1.31
AISC,W,W14X82,82.0,24.0,14.3,10.1,0.855,0.51,6.05,2.48,10.875,1.45
AISC,W,W14X74,74.0,21.8,14.2,10.1,0.785,0.45,6.04,2.48,10.875,1.38
AISC,W,W14X68,68.0,20.0,14.0,10.0,0.72,0.415,6.01,2.46,10.875,1.31
AISC,W,W14X61,61.0,17.9,13.9,10.0,0.645,0.375,5.98,2.45,10.875,1.24
AISC,W,W14X53,53.0,15.6,13.9,8.06,0.66,0.37,5.89,1.92,10.875,1.25
AISC,W,W14X48,48.0,14.1,13.8,8.03,0.595,0.34,5.85,1.91,10.875,1.19
AISC,W,W14X43,43.0,12.6,13.7,8.0,0.53,0.305,5.82,1.89,10.875,1.12
AISC,W,W14X38,38.0,11.2,14.1,6.77,0.515,0.31,5.87,1.55,11.625,0.915
AISC,W,W14X34,34.0,10.0,14.0,6.75,0.455,0.285,5.83,1.53,11.625,0.855
AISC,W,W14X30,30.0,8.85,13.8,6.73,0.385,0.27,5.73,1.49,11.625,0.785
AISC,W,W14X26,26.0,7.69,13.9,5.03,0.42,0.255,5.65,1.08,11.625,0.82
AISC,W,W14X22,22.0,6.49,13.7,5.0,0.335,0.23,5.54,1.04,11.625,0.735
AISC,W,W12X336,336.0,98.9,16.8,13.4,2.96,1.78,6.41,3.47,9.125,3.55
AISC,W,W12X305,305.0,89.5,16.3,13.2,2.71,1.63,6.29,3.42,9.125,3.3
AISC,W,W12X279,279.0,81.9,15.9,13.1,2.47,1.53,6.16,3.38,9.125,3.07
AISC,W,W12X252,252.0,74.1,15.4,13.0,2.25,1.4,6.06,3.34,9.125,2.85
AISC,W,W12X230,230.0,67.7,15.1,12.9,2.07,1.29,5.97,3.31,9.125,2.67
AISC,W,W12X210,210.0,61.8,14.7,12.8,1.9,1.18,5.89,3.28,9.125,2.5
AISC,W,W12X190,190.0,56.0,14.4,12.7,1.74,1.06,5.82,3.25,9.125,2.33
AISC,W,W12X170,170.0,50.0,14.0,12.6,1.56,0.96,5.74,3.22,9.125,2.16
AISC,W,W12X152,152.0,44.7,13.7,12.5,1.4,0.87,5.66,3.19,9.125,2.0
AISC,W,W12X136,136.0,39.9,13.4,12.4,1.25,0.79,5.58,3.16,9.125,1.85
AISC,W,W12X120,120.0,35.2,13.1,12.3,1.11,0.71,5.51,3.13,9.125,1.7
AISC,W,W12X106,106.0,31.2,12.9,12.2,0.99,0.61,5.47,3.11,9.125,1.59
AISC,W,W12X96,96.0,28.2,12.7,12.2,0.9,0.55,5.44,3.09,9.125,1.5
AISC,W,W12X87,87.0,25.6,12.5,12.1,0.81,0.515,5.38,3.07,9.125,1.41
AISC,W,W12X79,79.0,23.2,12.4,12.1,0.735,0.47,5.34,3.05,9.125,1.33
AISC,W,W12X72,72.0,21.1,12.3,12.0,0.67,0.43,5.31,3.04,9.125,1.27
AISC,W,W12X65,65.0,19.1,12.1,12.0,0.605,0.39,5.28,3.02,9.125,1.2
AISC,W,W12X58,58.0,17.0,12.2,10.0,0.64,0.36,5.28,2.51,9.25,1.24
AISC,W,W12X53,53.0,15.6,12.1,10.0,0.575,0.345,5.23,2.48,9.25,1.18
AISC,W,W12X50,50.0,14.6,12.2,8.08,0.64,0.37,5.18,1.96,9.25,1.14
AISC,W,W12X45,45.0,13.1,12.1,8.05,0.575,0.335,5.15,1.95,9.25,1.08
AISC,W,W12X40,40.0,11.7,11.9,8.01,0.515,0.295,5.13,1.94,9.25,1.02
AISC,W,W12X35,35.0,10.3,12.5,6.56,0.52,0.3,5.25,1.54,10.125,0.82
AISC,W,W12X30,30.0,8.79,12.3,6.52,0.44,0.26,5.21,1.52,10.125,0.74
AISC,W,W12X26,26.0,7.65,12.2,6.49,0.38,0.23,5.17,1.51,10.125,0.68
AISC,W,W12X22,22.0,6.48,12.3,4.03,0.425,0.26,4.91,0.848,10.375,0.725
AISC,W,W12X19,19.0,5.57,12.2,4.01,0.35,0.235,4.82,0.822,10.375,0.65
AISC,W,W12X16,16.0,4.71,12.0,3.99,0.265,0.22,4.67,0.773,10.375,0.565
AISC,W,W12X14,14.0,4.16,11.9,3.97,0.225,0.2,4.62,0.753,10.375,0.525
AISC,W,W10X112,112.0,32.9,11.4,10.4,1.25,0.755,4.66,2.68,7.5,1.75
AISC,W,W10X100,100.0,29.3,11.1,10.3,1.12,0.68,4.6,2.65,7.5,1.62
AISC,W,W10X88,88.0,26.0,10.8,10.3,0.99,0.605,4.54,2.63,7.5,1.49
AISC,W,W10X77,77.0,22.7,10.6,10.2,0.87,0.53,4.49,2.6,7.5,1.37
AISC,W,W10X68,68.0,19.9,10.4,10.1,0.77,0.47,4.44,2.59,7.5,1.27
AISC,W,W10X60,60.0,17.7,10.2,10.1,0.68,0.42,4.39,2.57,7.5,1.18
AISC,W,W10X54,54.0,15.8,10.1,10.0,0.615,0.37,4.37,2.56,7.5,1.12
AISC,W,W10X49,49.0,14.4,10.0,10.0,0.56,0.34,4.35,2.54,7.5,1.06
AISC,W,W10X45,45.0,13.3,10.1,8.02,0.62,0.35,4.32,2.01,7.5,1.12
AISC,W,W10X39,39.0,11.5,9.92,7.99,0.53,0.315,4.27,1.98,7.5,1.03
AISC,W,W10X33,33.0,9.71,9.73,7.96,0.435,0.29,4.19,1.94,7.5,0.935
AISC,W,W10X30,30.0,8.84,10.5,5.81,0.51,0.3,4.38,1.37,8.25,0.81
AISC,W,W10X26,26.0,7.61,10.3,5.77,0.44,0.26,4.35,1.36,8.25,0.74
AISC,W,W10X22,22.0,6.49,10.2,5.75,0.36,0.24,4.27,1.33,8.25,0.66
AISC,W,W10X19,19.0,5.62,10.2,4.02,0.395,0.25,4.14,0.874,8.375,0.695
AISC,W,W10X17,17.0,4.99,10.1,4.01,0.33,0.24,4.05,0.845,8.375,0.63
AISC,W,W10X15,15.0,4.41,9.99,4.0,0.27,0.23,3.95,0.81,8.375,0.57
AISC,W,W10X12,12.0,3.54,9.87,3.96,0.21,0.19,3.9,0.785,8.375,0.51
AISC,W,W8X67,67.0,19.7,9.0,8.28,0.935,0.57,3.72,2.12,5.75,1.33
AISC,W,W8X58,58.0,17.1,8.75,8.22,0.81,0.51,3.65,2.1,5.75,1.2
AISC,W,W8X48,48.0,14.1,8.5,8.11,0.685,0.4,3.61,2.08,5.75,1.08
AISC,W,W8X40,40.0,11.7,8.25,8.07,0.56,0.36,3.53,2.04,5.75,0.954
AISC,W,W8X35,35.0,10.3,8.12,8.02,0.495,0.31,3.51,2.03,5.75,0.889
AISC,W,W8X31,31.0,9.13,8.0,8.0,0.435,0.285,3.47,2.02,5.75,0.829
AISC,W,W8X28,28.0,8.25,8.06,6.54,0.465,0.285,3.45,1.62,6.125,0.859
AISC,W,W8X24,24.0,7.08,7.93,6.5,0.4,0.245,3.42,1.61,6.125,0.794
AISC,W,W8X21,21.0,6.16,8.28,5.27,0.4,0.25,3.49,1.26,6.5,0.7
AISC,W,W8X18,18.0,5.26,8.14,5.25,0.33,0.23,3.43,1.23,6.5,0.63
AISC,W,W8X15,15.0,4.44,8.11,4.02,0.315,0.245,3.29,0.876,6.5,0.615
AISC,W,W8X13,13.0,3.84,7.99,4.0,0.255,0.23,3.21,0.843,6.5,0.555
AISC,W,W8X10,10.0,2.96,7.89,3.94,0.205,0.17,3.22,0.841,6.5,0.505
AISC,W,W6X25,25.0,7.34,6.38,6.08,0.455,0.32,2.7,1.52,4.5,0.705
AISC,W,W6X20,20.0,5.87,6.2,6.02,0.365,0.26,2.66,1.5,4.5,0.615
AISC,W,W6X15,15.0,4.43,5.99,5.99,0.26,0.23,2.56,1.45,4.5,0.51
AISC,W,W6X16,16.0,4.74,6.28,4.03,0.405,0.26,2.6,0.967,4.5,0.655
AISC,W,W6X12,12.0,3.55,6.03,4.0,0.28,0.23,2.49,0.918,4.5,0.53
AISC,W,W6X9,9.0,2.68,5.9,3.94,0.215,0.17,2.47,0.905,4.5,0.465
AISC,W,W6X8.5,8.5,2.52,5.83,3.94,0.195,0.17,2.43,0.89,4.5,0.445
AISC,W,W5X19,19.0,5.56,5.15,5.03,0.43,0.27,2.17,1.28,3.5,0.73
AISC,W,W5X16,16.0,4.71,5.01,5.0,0.36,0.24,2.13,1.26,3.5,0.66
AISC,W,W4X13,13.0,3.83,4.16,4.06,0.345,0.28,1.72,1.0,2.625,0.595
AISC,M,M12.5X12.4,12.4,3.63,12.5,3.75,0.228,0.155,4.96,0.744,11.375,0.563
AISC,M,M12.5X11.6,11.6,3.4,12.5,3.5,0.211,0.155,4.86,0.667,11.375,0.563
AISC,M,M12X11.8,11.8,3.47,12.0,3.07,0.225,0.177,4.56,0.559,10.875,0.563
AISC,M,M12X10.8,10.8,3.18,12.0,3.07,0.21,0.16,4.58,0.564,10.875,0.563
AISC,M,M12X10,10.0,2.95,12.0,3.25,0.18,0.149,4.57,0.592,11.0,0.5
AISC,M,M10X9,9.0,2.65,10.0,2.69,0.206,0.157,3.83,0.503,8.875,0.563
AISC,M,M10X8,8.0,2.37,9.95,2.69,0.182,0.141,3.82,0.5,8.875,0.563
AISC,M,M10X7.5,7.5,2.22,9.99,2.69,0.173,0.13,3.85,0.503,9.125,0.438
AISC,M,M8X6.5,6.5,1.92,8.0,2.28,0.189,0.135,3.11,0.443,6.875,0.563
AISC,M,M8X6.2,6.2,1.82,8.0,2.28,0.177,0.129,3.1,0.439,7.125,0.438
AISC,M,M6X4.4,4.4,1.29,6.0,1.84,0.171,0.114,2.36,0.372,5.25,0.375
AISC,M,M6X3.7,3.7,1.09,5.92,2.0,0.129,0.098,2.34,0.398,5.25,0.313
AISC,M,M5X18.9,18.9,5.56,5.0,5.0,0.416,0.316,2.08,1.25,3.375,0.813
AISC,M,M4X6,6.0,1.75,3.8,3.8,0.16,0.13,1.64,0.915,2.75,0.5
AISC,M,M4X4.08,4.08,1.27,4.0,2.25,0.17,0.115,1.67,0.506,2.875,0.563
AISC,M,M3X2.9,2.9,0.914,3.0,2.25,0.13,0.09,1.28,0.521,2.0,0.5
AISC,S,S24X121,121.0,35.5,24.5,8.05,1.09,0.8,9.43,1.53,20.5,2.0
AISC,S,S24X106,106.0,31.1,24.5,7.87,1.09,0.62,9.71,1.57,20.5,2.0
AISC,S,S24X100,100.0,29.3,24.0,7.25,0.87,0.745,9.01,1.27,20.5,1.75
AISC,S,S24X90,90.0,26.5,24.0,7.13,0.87,0.625,9.21,1.3,20.5,1.75
AISC,S,S24X80,80.0,23.5,24.0,7.0,0.87,0.5,9.47,1.34,20.5,1.75
AISC,S,S20X96,96.0,28.2,20.3,7.2,0.92,0.8,7.71,1.33,16.75,1.75
AISC,S,S20X86,86.0,25.3,20.3,7.06,0.92,0.66,7.89,1.36,16.75,1.75
AISC,S,S20X75,75.0,22.0,20.0,6.39,0.795,0.635,7.62,1.16,16.75,1.63
AISC,S,S20X66,66.0,19.4,20.0,6.26,0.795,0.505,7.83,1.19,16.75,1.63
AISC,S,S18X70,70.0,20.5,18.0,6.25,0.691,0.711,6.7,1.08,15.0,1.5
AISC,S,S18X54.7,54.7,16.0,18.0,6.0,0.691,0.461,7.07,1.14,15.0,1.5
AISC,S,S15X50,50.0,14.7,15.0,5.64,0.622,0.55,5.75,1.03,12.25,1.38
AISC,S,S15X42.9,42.9,12.6,15.0,5.5,0.622,0.411,5.95,1.06,12.25,1.38
AISC,S,S12X50,50.0,14.7,12.0,5.48,0.659,0.687,4.55,1.03,9.125,1.44
AISC,S,S12X40.8,40.8,11.9,12.0,5.25,0.659,0.462,4.76,1.06,9.125,1.44
AISC,S,S12X35,35.0,10.2,12.0,5.08,0.544,0.428,4.72,0.98,9.625,1.19
AISC,S,S12X31.8,31.8,9.31,12.0,5.0,0.544,0.35,4.83,1.0,9.625,1.19
AISC,S,S10X35,35.0,10.3,10.0,4.94,0.491,0.594,3.78,0.899,7.75,1.13
AISC,S,S10X25.4,25.4,7.45,10.0,4.66,0.491,0.311,4.07,0.95,7.75,1.13
AISC,S,S8X23,23.0,6.76,8.0,4.17,0.425,0.441,3.09,0.795,6.0,1.0
AISC,S,S8X18.4,18.4,5.4,8.0,4.0,0.425,0.271,3.26,0.827,6.0,1.0
AISC,S,S6X17.25,17.25,5.05,6.0,3.57,0.359,0.465,2.28,0.673,4.375,0.813
AISC,S,S6X12.5,12.5,3.66,6.0,3.33,0.359,0.232,2.45,0.702,4.375,0.813
AISC,S,S5X10,10.0,2.93,5.0,3.0,0.326,0.214,2.05,0.638,3.5,0.75
AISC,S,S4X9.5,9.5,2.79,4.0,2.8,0.293,0.326,1.56,0.564,2.5,0.75
AISC,S,S4X7.7,7.7,2.26,4.0,2.66,0.293,0.193,1.64,0.576,2.5,0.75
AISC,S,S3X7.5,7.5,2.2,3.0,2.51,0.26,0.349,1.15,0.513,1.75,0.625
AISC,S,S3X5.7,5.7,1.66,3.0,2.33,0.26,0.17,1.23,0.518,1.75,0.625
AISC,HP,HP18X204,204.0,60.2,18.3,18.1,1.13,1.13,7.6,4.31,13.5,2.31
AISC,HP,HP18X181,181.0,53.2,18.0,18.0,1.0,1.0,7.53,4.28,13.5,2.18
AISC,HP,HP18X157,157.0,46.2,17.7,17.9,0.87,0.87,7.46,4.25,13.5,2.05
AISC,HP,HP18X135,135.0,39.9,17.5,17.8,0.75,0.75,7.43,4.21,13.5,1.93
AISC,HP,HP16X183,183.0,54.1,16.5,16.3,1.13,1.13,6.81,3.89,11.75,2.31
AISC,HP,HP16X162,162.0,47.7,16.3,16.1,1.0,1.0,6.78,3.82,11.75,2.18
AISC,HP,HP16X141,141.0,41.7,16.0,16.0,0.875,0.875,6.7,3.79,11.75,2.06
AISC,HP,HP16X121,121.0,35.8,15.8,15.9,0.75,0.75,6.66,3.75,11.75,1.93
AISC,HP,HP16X101,101.0,29.9,15.5,15.8,0.625,0.625,6.59,3.71,11.75,1.81
AISC,HP,HP16X88,88.0,25.8,15.3,15.7,0.54,0.54,6.56,3.68,11.75,1.72
AISC,HP,HP14X117,117.0,34.4,14.2,14.9,0.805,0.805,5.96,3.59,11.25,1.5
AISC,HP,HP14X102,102.0,30.1,14.0,14.8,0.705,0.705,5.92,3.56,11.25,1.38
AISC,HP,HP14X89,89.0,26.1,13.8,14.7,0.615,0.615,5.88,3.53,11.25,1.31
AISC,HP,HP14X73,73.0,21.4,13.6,14.6,0.505,0.505,5.84,3.49,11.25,1.19
AISC,HP,HP12X89,89.0,25.9,12.4,12.3,0.72,0.72,5.17,2.94,9.5,1.32
AISC,HP,HP12X84,84.0,24.6,12.3,12.3,0.685,0.685,5.14,2.94,9.5,1.38
AISC,HP,HP12X74,74.0,21.8,12.1,12.2,0.61,0.605,5.11,2.92,9.5,1.31
AISC,HP,HP12X63,63.0,18.4,11.9,12.1,0.515,0.515,5.06,2.88,9.5,1.25
AISC,HP,HP12X53,53.0,15.5,11.8,12.0,0.435,0.435,5.03,2.86,9.5,1.13
AISC,HP,HP10X57,57.0,16.7,9.99,10.2,0.565,0.565,4.18,2.45,7.5,1.25
AISC,HP,HP10X42,42.0,12.4,9.7,10.1,0.42,0.415,4.13,2.41,7.5,1.13
AISC,HP,HP8X36,36.0,10.6,8.02,8.16,0.445,0.445,3.36,1.95,5.75,1.13
AISC,C,C15X50,50.0,14.7,15.0,3.72,0.65,0.716,5.24,0.865,12.125,1.44
AISC,C,C15X40,40.0,11.8,15.0,3.52,0.65,0.52,5.43,0.883,12.125,1.44
AISC,C,C15X33.9,33.9,10.0,15.0,3.4,0.65,0.4,5.61,0.901,12.125,1.44
AISC,C,C12X30,30.0,8.81,12.0,3.17,0.501,0.51,4.29,0.762,9.75,1.13
AISC,C,C12X25,25.0,7.34,12.0,3.05,0.501,0.387,4.43,0.779,9.75,1.13
AISC,C,C12X20.7,20.7,6.08,12.0,2.94,0.501,0.282,4.61,0.797,9.75,1.13
AISC,C,C10X30,30.0,8.81,10.0,3.03,0.436,0.673,3.43,0.668,8.0,1.0
AISC,C,C10X25,25.0,7.35,10.0,2.89,0.436,0.526,3.52,0.675,8.0,1.0
AISC,C,C10X20,20.0,5.87,10.0,2.74,0.436,0.379,3.67,0.69,8.0,1.0
AISC,C,C10X15.3,15.3,4.48,10.0,2.6,0.436,0.24,3.88,0.711,8.0,1.0
AISC,C,C9X20,20.0,5.87,9.0,2.65,0.413,0.448,3.22,0.64,7.0,1.0
AISC,C,C9X15,15.0,4.4,9.0,2.49,0.413,0.285,3.4,0.659,7.0,1.0
AISC,C,C9X13.4,13.4,3.94,9.0,2.43,0.413,0.233,3.48,0.666,7.0,1.0
AISC,C,C8X18.75,18.75,5.51,8.0,2.53,0.39,0.487,2.82,0.598,6.125,0.938
AISC,C,C8X13.75,13.75,4.03,8.0,2.34,0.39,0.303,2.99,0.613,6.125,0.938
AISC,C,C8X11.5,11.5,3.37,8.0,2.26,0.39,0.22,3.11,0.623,6.125,0.938
AISC,C,C7X14.75,14.75,4.33,7.0,2.3,0.366,0.419,2.51,0.561,5.25,0.875
AISC,C,C7X12.25,12.25,3.59,7.0,2.19,0.366,0.314,2.59,0.568,5.25,0.875
AISC,C,C7X9.8,9.8,2.87,7.0,2.09,0.366,0.21,2.72,0.578,5.25,0.875
AISC,C,C6X13,13.0,3.82,6.0,2.16,0.343,0.437,2.13,0.524,4.375,0.813
AISC,C,C6X10.5,10.5,3.07,6.0,2.03,0.343,0.314,2.22,0.529,4.375,0.813
AISC,C,C6X8.2,8.2,2.39,6.0,1.92,0.343,0.2,2.34,0.536,4.375,0.813
AISC,C,C5X9,9.0,2.64,5.0,1.89,0.32,0.325,1.84,0.486,3.5,0.75
AISC,C,C5X6.7,6.7,1.97,5.0,1.75,0.32,0.19,1.95,0.489,3.5,0.75
AISC,C,C4X7.25,7.25,2.13,4.0,1.72,0.296,0.321,1.47,0.447,2.5,0.75
AISC,C,C4X6.25,6.25,1.84,4.0,1.65,0.296,0.247,1.51,0.451,2.5,0.75
AISC,C,C4X5.4,5.4,1.58,4.0,1.58,0.296,0.184,1.56,0.444,2.5,0.75
AISC,C,C4X4.5,4.5,1.34,4.0,1.52,0.296,0.125,1.62,0.445,2.5,0.75
AISC,C,C3X6,6.0,1.76,3.0,1.6,0.273,0.356,1.09,0.413,1.625,0.688
AISC,C,C3X5,5.0,1.47,3.0,1.5,0.273,0.258,1.12,0.405,1.625,0.688
AISC,C,C3X4.1,4.1,1.2,3.0,1.41,0.273,0.17,1.18,0.398,1.625,0.688
AISC,C,C3X3.5,3.5,1.09,3.0,1.37,0.273,0.132,1.2,0.394,1.625,0.688
AISC,MC,MC18X58,58.0,17.1,18.0,4.2,0.625,0.7,6.29,1.02,15.125,1.44
AISC,MC,MC18X51.9,51.9,15.3,18.0,4.1,0.625,0.6,6.41,1.03,15.125,1.44
AISC,MC,MC18X45.8,45.8,13.5,18.0,4.0,0.625,0.5,6.55,1.05,15.125,1.44
AISC,MC,MC18X42.7,42.7,12.6,18.0,3.95,0.625,0.45,6.64,1.07,15.125,1.44
AISC,MC,MC13X50,50.0,14.7,13.0,4.41,0.61,0.787,4.62,1.06,10.125,1.44
AISC,MC,MC13X40,40.0,11.7,13.0,4.19,0.61,0.56,4.82,1.08,10.125,1.44
AISC,MC,MC13X35,35.0,10.3,13.0,4.07,0.61,0.447,4.95,1.09,10.125,1.44
AISC,MC,MC13X31.8,31.8,9.35,13.0,4.0,0.61,0.375,5.05,1.1,10.125,1.44
AISC,MC,MC12X50,50.0,14.7,12.0,4.14,0.7,0.835,4.28,1.09,9.375,1.31
AISC,MC,MC12X45,45.0,13.2,12.0,4.01,0.7,0.71,4.36,1.09,9.375,1.31
AISC,MC,MC12X40,40.0,11.8,12.0,3.89,0.7,0.59,4.46,1.1,9.375,1.31
AISC,MC,MC12X35,35.0,10.3,12.0,3.77,0.7,0.465,4.59,1.11,9.375,1.31
AISC,MC,MC12X31,31.0,9.12,12.0,3.67,0.7,0.37,4.71,1.11,9.375,1.31
AISC,MC,MC12X14.3,14.3,4.18,12.0,2.12,0.313,0.25,4.27,0.489,10.5,0.75
AISC,MC,MC12X10.6,10.6,3.1,12.0,1.5,0.309,0.19,4.22,0.349,10.5,0.75
AISC,MC,MC10X41.1,41.1,12.1,10.0,4.32,0.575,0.796,3.61,1.14,7.375,1.31
AISC,MC,MC10X33.6,33.6,9.87,10.0,4.1,0.575,0.575,3.75,1.15,7.375,1.31
AISC,MC,MC10X28.5,28.5,8.37,10.0,3.95,0.575,0.425,3.89,1.16,7.375,1.31
AISC,MC,MC10X25,25.0,7.34,10.0,3.41,0.575,0.38,3.87,0.993,7.375,1.31
AISC,MC,MC10X22,22.0,6.45,10.0,3.32,0.575,0.29,3.99,0.997,7.375,1.31
AISC,MC,MC10X8.4,8.4,2.46,10.0,1.5,0.28,0.17,3.61,0.364,8.5,0.75
AISC,MC,MC10X6.5,6.5,1.95,10.0,1.17,0.202,0.152,3.43,0.262,8.875,0.563
AISC,MC,MC9X25.4,25.4,7.47,9.0,3.5,0.55,0.45,3.43,1.01,6.5,1.25
AISC,MC,MC9X23.9,23.9,7.02,9.0,3.45,0.55,0.4,3.48,1.01,6.5,1.25
AISC,MC,MC8X22.8,22.8,6.7,8.0,3.5,0.525,0.427,3.09,1.02,5.625,1.19
AISC,MC,MC8X21.4,21.4,6.28,8.0,3.45,0.525,0.375,3.13,1.02,5.625,1.19
AISC,MC,MC8X20,20.0,5.87,8.0,3.03,0.5,0.4,3.04,0.867,5.75,1.13
AISC,MC,MC8X18.7,18.7,5.5,8.0,2.98,0.5,0.353,3.09,0.868,5.75,1.13
AISC,MC,MC8X8.5,8.5,2.5,8.0,1.87,0.311,0.179,3.05,0.5,6.375,0.813
AISC,MC,MC7X22.7,22.7,6.67,7.0,3.6,0.5,0.503,2.67,1.04,4.75,1.13
AISC,MC,MC7X19.1,19.1,5.61,7.0,3.45,0.5,0.352,2.77,1.04,4.75,1.13
AISC,MC,MC6X18,18.0,5.29,6.0,3.5,0.475,0.379,2.37,1.05,3.875,1.06
AISC,MC,MC6X15.3,15.3,4.49,6.0,3.5,0.385,0.34,2.38,1.05,4.25,0.875
AISC,MC,MC6X16.3,16.3,4.79,6.0,3.0,0.475,0.375,2.33,0.887,3.875,1.06
AISC,MC,MC6X15.1,15.1,4.44,6.0,2.94,0.475,0.316,2.37,0.883,3.875,1.06
AISC,MC,MC6X12,12.0,3.53,6.0,2.5,0.375,0.31,2.3,0.724,4.25,0.875
AISC,MC,MC6X7,7.0,2.09,6.0,1.88,0.291,0.179,2.34,0.537,4.5,0.75
AISC,MC,MC6X6.5,6.5,1.95,6.0,1.85,0.291,0.155,2.38,0.539,4.5,0.75
AISC,MC,MC4X13.8,13.8,4.03,4.0,2.5,0.5,0.5,1.48,0.727,2.0,1.0
AISC,MC,MC3X7.1,7.1,2.11,3.0,1.94,0.351,0.312,1.14,0.562,1.375,0.813
AISC,L,L12X12X1-3/8,105.0,31.1,12.0,,,,3.64,3.64,,2.09
AISC,L,L12X12X1-1/4,96.4,28.4,12.0,,,,3.66,3.66,,1.96
AISC,L,L12X12X1-1/8,87.2,25.8,12.0,,,,3.68,3.68,,1.84
AISC,L,L12X12X1,77.8,23.0,12.0,,,,3.7,3.7,,1.71
AISC,L,L10X10X1-3/8,87.1,25.6,10.0,,,,3.0,3.0,,2.18
AISC,L,L10X10X1-1/4,79.9,23.4,10.0,,,,3.02,3.02,,2.05
AISC,L,L10X10X1-1/8,72.3,21.3,10.0,,,,3.03,3.03,,1.93
AISC,L,L10X10X1,64.7,19.0,10.0,,,,3.05,3.05,,1.8
AISC,L,L10X10X7/8,56.9,16.8,10.0,,,,3.07,3.07,,1.68
AISC,L,L10X10X3/4,49.1,14.5,10.0,,,,3.1,3.1,,1.55
AISC,L,L8X8X1-1/8,56.9,16.8,8.0,,,,2.41,2.41,,1.75
AISC,L,L8X8X1,51.0,15.1,8.0,,,,2.43,2.43,,1.63
AISC,L,L8X8X7/8,45.0,13.3,8.0,,,,2.45,2.45,,1.5
AISC,L,L8X8X3/4,38.9,11.5,8.0,,,,2.46,2.46,,1.38
AISC,L,L8X8X5/8,32.7,9.69,8.0,,,,2.48,2.48,,1.25
AISC,L,L8X8X9/16,29.6,8.77,8.0,,,,2.49,2.49,,1.19
AISC,L,L8X8X1/2,26.4,7.84,8.0,,,,2.49,2.49,,1.13
AISC,L,L8X6X1,44.2,13.1,6.0,,,,2.49,1.72,,1.5
AISC,L,L8X6X7/8,39.1,11.5,6.0,,,,2.5,1.74,,1.38
AISC,L,L8X6X3/4,33.8,9.99,6.0,,,,2.52,1.75,,1.25
AISC,L,L8X6X5/8,28.5,8.41,6.0,,,,2.54,1.77,,1.13
AISC,L,L8X6X9/16,25.7,7.61,6.0,,,,2.55,1.78,,1.06
AISC,L,L8X6X1/2,23.0,6.8,6.0,,,,2.55,1.79,,1.0
AISC,L,L8X6X7/16,20.2,5.99,6.0,,,,2.56,1.8,,0.938
AISC,L,L8X4X1,37.4,11.1,4.0,,,,2.51,1.03,,1.5
AISC,L,L8X4X7/8,33.1,9.79,4.0,,,,2.53,1.04,,1.38
AISC,L,L8X4X3/4,28.7,8.49,4.0,,,,2.55,1.05,,1.25
AISC,L,L8X4X5/8,24.2,7.16,4.0,,,,2.56,1.06,,1.13
AISC,L,L8X4X9/16,21.9,6.49,4.0,,,,2.57,1.07,,1.06
AISC,L,L8X4X1/2,19.6,5.8,4.0,,,,2.58,1.08,,1.0
AISC,L,L8X4X7/16,17.2,5.11,4.0,,,,2.59,1.09,,0.938
AISC,L,L7X4X3/4,26.2,7.74,4.0,,,,2.21,1.08,,1.25
AISC,L,L7X4X5/8,22.1,6.5,4.0,,,,2.23,1.1,,1.13
AISC,L,L7X4X1/2,17.9,5.26,4.0,,,,2.25,1.11,,1.0
AISC,L,L7X4X7/16,15.7,4.63,4.0,,,,2.26,1.12,,0.938
AISC,L,L7X4X3/8,13.6,4.0,4.0,,,,2.27,1.12,,0.875
AISC,L,L6X6X1,37.4,11.0,6.0,,,,1.79,1.79,,1.5
AISC,L,L6X6X7/8,33.1,9.75,6.0,,,,1.81,1.81,,1.38
AISC,L,L6X6X3/4,28.7,8.46,6.0,,,,1.82,1.82,,1.25
AISC,L,L6X6X5/8,24.2,7.13,6.0,,,,1.84,1.84,,1.13
AISC,L,L6X6X9/16,21.9,6.45,6.0,,,,1.85,1.85,,1.06
AISC,L,L6X6X1/2,19.6,5.77,6.0,,,,1.86,1.86,,1.0
AISC,L,L6X6X7/16,17.2,5.08,6.0,,,,1.86,1.86,,0.938
AISC,L,L6X6X3/8,14.9,4.38,6.0,,,,1.87,1.87,,0.875
AISC,L,L6X6X5/16,12.4,3.67,6.0,,,,1.88,1.88,,0.813
AISC,L,L6X4X7/8,27.2,8.0,4.0,,,,1.86,1.1,,1.38
AISC,L,L6X4X3/4,23.6,6.94,4.0,,,,1.88,1.12,,1.25
AISC,L,L6X4X5/8,20.0,5.86,4.0,,,,1.89,1.13,,1.13
AISC,L,L6X4X9/16,18.1,5.31,4.0,,,,1.9,1.14,,1.06
AISC,L,L6X4X1/2,16.2,4.75,4.0,,,,1.91,1.14,,1.0
AISC,L,L6X4X7/16,14.3,4.18,4.0,,,,1.92,1.15,,0.938
AISC,L,L6X4X3/8,12.3,3.61,4.0,,,,1.93,1.16,,0.875
AISC,L,L6X4X5/16,10.3,3.03,4.0,,,,1.94,1.17,,0.813
AISC,L,L6X3-1/2X1/2,15.3,4.5,3.5,,,,1.92,0.968,,1.0
AISC,L,L6X3-1/2X3/8,11.7,3.44,3.5,,,,1.93,0.984,,0.875
AISC,L,L6X3-1/2X5/16,9.8,2.89,3.5,,,,1.94,0.991,,0.813
AISC,L,L5X5X7/8,27.2,8.0,5.0,,,,1.49,1.49,,1.38
AISC,L,L5X5X3/4,23.6,6.98,5.0,,,,1.5,1.5,,1.25
AISC,L,L5X5X5/8,20.0,5.9,5.0,,,,1.52,1.52,,1.13
AISC,L,L5X5X1/2,16.2,4.79,5.0,,,,1.53,1.53,,1.0
AISC,L,L5X5X7/16,14.3,4.22,5.0,,,,1.54,1.54,,0.938
AISC,L,L5X5X3/8,12.3,3.65,5.0,,,,1.55,1.55,,0.875
AISC,L,L5X5X5/16,10.3,3.07,5.0,,,,1.56,1.56,,0.813
AISC,L,L5X3-1/2X3/4,19.8,5.85,3.5,,,,1.55,0.974,,1.19
AISC,L,L5X3-1/2X5/8,16.8,4.93,3.5,,,,1.56,0.987,,1.06
AISC,L,L5X3-1/2X1/2,13.6,4.0,3.5,,,,1.58,1.0,,0.938
AISC,L,L5X3-1/2X3/8,10.4,3.05,3.5,,,,1.59,1.02,,0.813
AISC,L,L5X3-1/2X5/16,8.7,2.56,3.5,,,,1.6,1.02,,0.75
AISC,L,L5X3-1/2X1/4,7.0,2.07,3.5,,,,1.61,1.03,,0.688
AISC,L,L5X3X1/2,12.8,3.75,3.0,,,,1.58,0.824,,0.938
AISC,L,L5X3X7/16,11.3,3.31,3.0,,,,1.59,0.831,,0.875
AISC,L,L5X3X3/8,9.8,2.86,3.0,,,,1.6,0.838,,0.813
AISC,L,L5X3X5/16,8.2,2.41,3.0,,,,1.61,0.846,,0.75
AISC,L,L5X3X1/4,6.6,1.94,3.0,,,,1.62,0.853,,0.688
AISC,L,L4X4X3/4,18.5,5.44,4.0,,,,1.18,1.18,,1.13
AISC,L,L4X4X5/8,15.7,4.61,4.0,,,,1.2,1.2,,1.0
AISC,L,L4X4X1/2,12.8,3.75,4.0,,,,1.21,1.21,,0.875
AISC,L,L4X4X7/16,11.3,3.3,4.0,,,,1.22,1.22,,0.813
AISC,L,L4X4X3/8,9.8,2.86,4.0,,,,1.23,1.23,,0.75
AISC,L,L4X4X5/16,8.2,2.4,4.0,,,,1.24,1.24,,0.688
AISC,L,L4X4X1/4,6.6,1.93,4.0,,,,1.25,1.25,,0.625
AISC,L,L4X3-1/2X1/2,11.9,3.5,3.5,,,,1.23,1.04,,0.875
AISC,L,L4X3-1/2X3/8,9.1,2.68,3.5,,,,1.25,1.05,,0.75
AISC,L,L4X3-1/2X5/16,7.7,2.25,3.5,,,,1.25,1.06,,0.688
AISC,L,L4X3-1/2X1/4,6.2,1.82,3.5,,,,1.26,1.07,,0.625
AISC,L,L4X3X5/8,13.6,3.99,3.0,,,,1.23,0.845,,1.0
AISC,L,L4X3X1/2,11.1,3.25,3.0,,,,1.24,0.858,,0.875
AISC,L,L4X3X3/8,8.5,2.49,3.0,,,,1.26,0.873,,0.75
AISC,L,L4X3X5/16,7.2,2.09,3.0,,,,1.27,0.88,,0.688
AISC,L,L4X3X1/4,5.8,1.69,3.0,,,,1.27,0.887,,0.625
AISC,L,L3-1/2X3-1/2X1/2,11.1,3.25,3.5,,,,1.05,1.05,,0.875
AISC,L,L3-1/2X3-1/2X7/16,9.8,2.89,3.5,,,,1.06,1.06,,0.813
AISC,L,L3-1/2X3-1/2X3/8,8.5,2.5,3.5,,,,1.07,1.07,,0.75
AISC,L,L3-1/2X3-1/2X5/16,7.2,2.1,3.5,,,,1.08,1.08,,0.688
AISC,L,L3-1/2X3-1/2X1/4,5.8,1.7,3.5,,,,1.09,1.09,,0.625
AISC,L,L3-1/2X3X1/2,10.2,3.02,3.0,,,,1.07,0.877,,0.875
AISC,L,L3-1/2X3X7/16,9.1,2.67,3.0,,,,1.08,0.885,,0.813
AISC,L,L3-1/2X3X3/8,7.9,2.32,3.0,,,,1.09,0.892,,0.75
AISC,L,L3-1/2X3X5/16,6.6,1.95,3.0,,,,1.09,0.9,,0.688
AISC,L,L3-1/2X3X1/4,5.4,1.58,3.0,,,,1.1,0.908,,0.625
AISC,L,L3-1/2X2-1/2X1/2,9.4,2.77,2.5,,,,1.08,0.701,,0.875
AISC,L,L3-1/2X2-1/2X3/8,7.2,2.12,2.5,,,,1.1,0.716,,0.75
AISC,L,L3-1/2X2-1/2X5/16,6.1,1.79,2.5,,,,1.11,0.723,,0.688
AISC,L,L3-1/2X2-1/2X1/4,4.9,1.45,2.5,,,,1.12,0.731,,0.625
AISC,L,L3X3X1/2,9.4,2.76,3.0,,,,0.895,0.895,,0.875
AISC,L,L3X3X7/16,8.3,2.43,3.0,,,,0.903,0.903,,0.813
AISC,L,L3X3X3/8,7.2,2.11,3.0,,,,0.91,0.91,,0.75
AISC,L,L3X3X5/16,6.1,1.78,3.0,,,,0.918,0.918,,0.688
AISC,L,L3X3X1/4,4.9,1.44,3.0,,,,0.926,0.926,,0.625
AISC,L,L3X3X3/16,3.71,1.09,3.0,,,,0.933,0.933,,0.563
AISC,L,L3X2-1/2X1/2,8.5,2.5,2.5,,,,0.91,0.718,,0.875
AISC,L,L3X2-1/2X7/16,7.6,2.22,2.5,,,,0.917,0.724,,0.813
AISC,L,L3X2-1/2X3/8,6.6,1.93,2.5,,,,0.924,0.731,,0.75
AISC,L,L3X2-1/2X5/16,5.6,1.63,2.5,,,,0.932,0.739,,0.688
AISC,L,L3X2-1/2X1/4,4.5,1.32,2.5,,,,0.94,0.746,,0.625
AISC,L,L3X2-1/2X3/16,3.39,1.0,2.5,,,,0.947,0.753,,0.563
AISC,L,L3X2X1/2,7.7,2.26,2.0,,,,0.922,0.543,,0.813
AISC,L,L3X2X3/8,5.9,1.75,2.0,,,,0.937,0.555,,0.688
AISC,L,L3X2X5/16,5.0,1.48,2.0,,,,0.945,0.562,,0.625
AISC,L,L3X2X1/4,4.1,1.2,2.0,,,,0.953,0.569,,0.563
AISC,L,L3X2X3/16,3.07,0.917,2.0,,,,0.961,0.577,,0.5
AISC,L,L2-1/2X2-1/2X1/2,7.7,2.26,2.5,,,,0.735,0.735,,0.75
AISC,L,L2-1/2X2-1/2X3/8,5.9,1.73,2.5,,,,0.749,0.749,,0.625
AISC,L,L2-1/2X2-1/2X5/16,5.0,1.46,2.5,,,,0.756,0.756,,0.563
AISC,L,L2-1/2X2-1/2X1/4,4.1,1.19,2.5,,,,0.764,0.764,,0.5
AISC,L,L2-1/2X2-1/2X3/16,3.07,0.901,2.5,,,,0.771,0.771,,0.438
AISC,L,L2-1/2X2X3/8,5.3,1.55,2.0,,,,0.766,0.574,,0.625
AISC,L,L2-1/2X2X5/16,4.5,1.32,2.0,,,,0.774,0.581,,0.563
AISC,L,L2-1/2X2X1/4,3.62,1.07,2.0,,,,0.782,0.589,,0.5
AISC,L,L2-1/2X2X3/16,2.75,0.818,2.0,,,,0.79,0.597,,0.438
AISC,L,L2-1/2X1-1/2X1/4,3.19,0.947,1.5,,,,0.792,0.411,,0.5
AISC,L,L2-1/2X1-1/2X3/16,2.44,0.724,1.5,,,,0.801,0.418,,0.438
AISC,L,L2X2X3/8,4.7,1.37,2.0,,,,0.591,0.591,,0.625
AISC,L,L2X2X5/16,3.92,1.16,2.0,,,,0.598,0.598,,0.563
AISC,L,L2X2X1/4,3.19,0.944,2.0,,,,0.605,0.605,,0.5
AISC,L,L2X2X3/16,2.44,0.722,2.0,,,,0.612,0.612,,0.438
AISC,L,L2X2X1/8,1.65,0.491,2.0,,,,0.62,0.62,,0.375
AISC,WT,WT22X204,204.0,59.9,22.4,16.1,2.17,1.22,6.68,3.56,,2.96
AISC,WT,WT22X184,184.0,54.0,22.2,16.0,1.97,1.1,6.64,3.54,,2.76
AISC,WT,WT22X167.5,167.5,49.2,22.0,15.9,1.77,1.03,6.63,3.49,,2.56
AISC,WT,WT22X145,145.0,42.6,21.8,15.8,1.58,0.865,6.54,3.49,,2.36
AISC,WT,WT22X131,131.0,38.5,21.7,15.8,1.42,0.785,6.53,3.47,,2.2
AISC,WT,WT22X115,115.0,33.9,21.5,15.8,1.22,0.71,6.53,3.43,,2.01
AISC,WT,WT20X327.5,327.5,96.4,21.8,16.9,3.54,1.97,6.22,3.86,,4.72
AISC,WT,WT20X296.5,296.5,87.2,21.5,16.7,3.23,1.79,6.16,3.8,,4.41
AISC,WT,WT20X251.5,251.5,74.0,21.0,16.4,2.76,1.54,6.07,3.72,,3.94
AISC,WT,WT20X215.5,215.5,63.3,20.6,16.2,2.36,1.34,6.01,3.65,,3.54
AISC,WT,WT20X198.5,198.5,58.3,20.5,16.1,2.2,1.22,5.96,3.63,,3.38
AISC,WT,WT20X186,186.0,54.7,20.3,16.1,2.05,1.16,5.95,3.6,,3.23
AISC,WT,WT20X181,181.0,53.2,20.3,16.0,2.01,1.12,5.92,3.6,,3.19
AISC,WT,WT20X162,162.0,47.7,20.1,15.9,1.81,1.0,5.88,3.57,,2.99
AISC,WT,WT20X148.5,148.5,43.6,19.9,15.8,1.65,0.93,5.87,3.54,,2.83
AISC,WT,WT20X138.5,138.5,40.7,19.8,15.8,1.58,0.83,5.78,3.58,,2.76
AISC,WT,WT20X124.5,124.5,36.7,19.7,15.8,1.42,0.75,5.75,3.55,,2.6
AISC,WT,WT20X107.5,107.5,31.8,19.5,15.8,1.22,0.65,5.71,3.54,,2.4
AISC,WT,WT20X99.5,99.5,29.2,19.3,15.8,1.07,0.65,5.81,3.45,,2.25
AISC,WT,WT20X196,196.0,57.8,20.8,12.4,2.52,1.42,6.27,2.64,,3.7
AISC,WT,WT20X165.5,165.5,48.8,20.4,12.2,2.13,1.22,6.21,2.57,,3.31
AISC,WT,WT20X163.5,163.5,47.9,20.4,12.1,2.13,1.18,6.19,2.58,,3.31
AISC,WT,WT20X147,147.0,43.1,20.2,12.0,1.93,1.06,6.14,2.55,,3.11
AISC,WT,WT20X139,139.0,41.0,20.1,12.0,1.81,1.03,6.14,2.52,,2.99
AISC,WT,WT20X132,132.0,38.7,20.0,11.9,1.73,0.96,6.11,2.52,,2.91
AISC,WT,WT20X117.5,117.5,34.6,19.8,11.9,1.58,0.83,6.04,2.54,,2.76
AISC,WT,WT20X105.5,105.5,31.1,19.7,11.8,1.42,0.75,6.01,2.51,,2.6
AISC,WT,WT20X91.5,91.5,26.7,19.5,11.8,1.2,0.65,5.98,2.49,,2.38
AISC,WT,WT20X83.5,83.5,24.5,19.3,11.8,1.03,0.65,6.05,2.4,,2.21
AISC,WT,WT20X74.5,74.5,21.9,19.1,11.8,0.83,0.63,6.1,2.29,,2.01
AISC,WT,WT18X462.5,462.5,136.0,21.6,18.6,4.53,3.02,6.14,4.26,,5.28
AISC,WT,WT18X426.5,426.5,126.0,21.6,18.2,4.53,2.52,5.96,4.27,,5.28
AISC,WT,WT18X401,401.0,118.0,21.3,18.0,4.29,2.38,5.9,4.22,,5.04
AISC,WT,WT18X361.5,361.5,107.0,20.9,17.8,3.9,2.17,5.81,4.16,,4.65
AISC,WT,WT18X326,326.0,96.2,20.5,17.6,3.54,1.97,5.74,4.1,,4.49
AISC,WT,WT18X264.5,264.5,77.8,19.9,17.2,2.91,1.61,5.6,4.0,,3.86
AISC,WT,WT18X243.5,243.5,71.7,19.7,17.1,2.68,1.5,5.57,3.96,,3.63
AISC,WT,WT18X220.5,220.5,64.9,19.4,17.0,2.44,1.36,5.52,3.92,,3.39
AISC,WT,WT18X197.5,197.5,58.1,19.2,16.8,2.2,1.22,5.47,3.88,,3.15
AISC,WT,WT18X180.5,180.5,53.0,19.0,16.7,2.01,1.12,5.43,3.85,,2.96
AISC,WT,WT18X165,165.0,48.4,18.8,16.6,1.85,1.02,5.39,3.83,,2.8
AISC,WT,WT18X151,151.0,44.5,18.7,16.7,1.68,0.945,5.37,3.82,,2.63
AISC,WT,WT18X141,141.0,41.5,18.6,16.6,1.57,0.885,5.36,3.8,,2.52
AISC,WT,WT18X131,131.0,38.5,18.4,16.6,1.44,0.84,5.36,3.76,,2.39
AISC,WT,WT18X123.5,123.5,36.3,18.3,16.5,1.35,0.8,5.36,3.74,,2.3
AISC,WT,WT18X115.5,115.5,34.1,18.2,16.5,1.26,0.76,5.36,3.71,,2.21
AISC,WT,WT18X193.5,193.5,56.8,19.5,12.7,2.56,1.42,5.8,2.79,,3.31
AISC,WT,WT18X175,175.0,51.5,19.3,12.6,2.32,1.3,5.78,2.75,,3.07
AISC,WT,WT18X159,159.0,46.7,19.1,12.4,2.13,1.18,5.72,2.7,,2.88
AISC,WT,WT18X143,143.0,42.0,18.9,12.3,1.93,1.06,5.69,2.68,,2.68
AISC,WT,WT18X128,128.0,37.6,18.7,12.2,1.73,0.96,5.66,2.65,,2.48
AISC,WT,WT18X116,116.0,34.0,18.6,12.1,1.57,0.87,5.63,2.62,,2.32
AISC,WT,WT18X105,105.0,30.9,18.3,12.2,1.36,0.83,5.65,2.58,,2.11
AISC,WT,WT18X97,97.0,28.5,18.2,12.1,1.26,0.765,5.62,2.56,,2.01
AISC,WT,WT18X91,91.0,26.8,18.2,12.1,1.18,0.725,5.62,2.55,,1.93
AISC,WT,WT18X85,85.0,25.0,18.1,12.0,1.1,0.68,5.61,2.53,,1.85
AISC,WT,WT18X80,80.0,23.5,18.0,12.0,1.02,0.65,5.61,2.5,,1.77
AISC,WT,WT18X75,75.0,22.1,17.9,12.0,0.94,0.625,5.62,2.47,,1.69
AISC,WT,WT18X67.5,67.5,19.9,17.8,12.0,0.79,0.6,5.66,2.38,,1.54
AISC,WT,WT16.5X193.5,193.5,57.0,18.0,16.2,2.28,1.26,5.07,3.77,,3.07
AISC,WT,WT16.5X177,177.0,52.1,17.8,16.1,2.09,1.16,5.03,3.74,,2.88
AISC,WT,WT16.5X159,159.0,46.8,17.6,16.0,1.89,1.04,4.99,3.71,,2.68
AISC,WT,WT16.5X145.5,145.5,42.8,17.4,15.9,1.73,0.96,4.96,3.68,,2.52
AISC,WT,WT16.5X131.5,131.5,38.7,17.3,15.8,1.57,0.87,4.93,3.65,,2.36
AISC,WT,WT16.5X120.5,120.5,35.6,17.1,15.9,1.4,0.83,4.96,3.62,,2.19
AISC,WT,WT16.5X110.5,110.5,32.6,17.0,15.8,1.28,0.775,4.95,3.59,,2.06
AISC,WT,WT16.5X100.5,100.5,29.7,16.8,15.7,1.15,0.715,4.95,3.56,,1.94
AISC,WT,WT16.5X84.5,84.5,24.7,16.9,11.5,1.22,0.67,5.12,2.5,,1.92
AISC,WT,WT16.5X76,76.0,22.5,16.7,11.6,1.06,0.635,5.14,2.47,,1.76
AISC,WT,WT16.5X70.5,70.5,20.7,16.7,11.5,0.96,0.605,5.15,2.43,,1.66
AISC,WT,WT16.5X65,65.0,19.1,16.5,11.5,0.855,0.58,5.18,2.38,,1.56
AISC,WT,WT16.5X59,59.0,17.4,16.4,11.5,0.74,0.55,5.2,2.32,,1.44
AISC,WT,WT15X195.5,195.5,57.6,16.6,15.6,2.44,1.36,4.61,3.67,,3.23
AISC,WT,WT15X178.5,178.5,52.5,16.4,15.5,2.24,1.24,4.56,3.64,,3.03
AISC,WT,WT15X163,163.0,48.0,16.2,15.4,2.05,1.14,4.52,3.6,,2.84
AISC,WT,WT15X146,146.0,43.0,16.0,15.3,1.85,1.02,4.48,3.58,,2.64
AISC,WT,WT15X130.5,130.5,38.5,15.8,15.2,1.65,0.93,4.46,3.53,,2.44
AISC,WT,WT15X117.5,117.5,34.7,15.7,15.1,1.5,0.83,4.41,3.51,,2.29
AISC,WT,WT15X105.5,105.5,31.1,15.5,15.1,1.32,0.775,4.43,3.49,,2.1
AISC,WT,WT15X95.5,95.5,28.0,15.3,15.0,1.19,0.71,4.42,3.46,,1.97
AISC,WT,WT15X86.5,86.5,25.4,15.2,15.0,1.07,0.655,4.42,3.42,,1.85
AISC,WT,WT15X74,74.0,21.8,15.3,10.5,1.18,0.65,4.63,2.28,,1.83
AISC,WT,WT15X66,66.0,19.5,15.2,10.5,1.0,0.615,4.66,2.25,,1.65
AISC,WT,WT15X62,62.0,18.2,15.1,10.5,0.93,0.585,4.66,2.23,,1.58
AISC,WT,WT15X58,58.0,17.1,15.0,10.5,0.85,0.565,4.67,2.19,,1.5
AISC,WT,WT15X54,54.0,15.9,14.9,10.5,0.76,0.545,4.69,2.15,,1.41
AISC,WT,WT15X49.5,49.5,14.5,14.8,10.5,0.67,0.52,4.71,2.1,,1.32
AISC,WT,WT15X45,45.0,13.2,14.8,10.4,0.61,0.47,4.69,2.09,,1.26
AISC,WT,WT13.5X269.5,269.5,79.3,16.3,15.3,3.54,1.97,4.39,3.65,,4.33
AISC,WT,WT13.5X184,184.0,54.2,15.2,14.7,2.48,1.38,4.16,3.48,,3.27
AISC,WT,WT13.5X168,168.0,49.5,15.0,14.6,2.28,1.26,4.12,3.45,,3.07
AISC,WT,WT13.5X153.5,153.5,45.2,14.8,14.4,2.09,1.16,4.08,3.41,,2.88
AISC,WT,WT13.5X140.5,140.5,41.5,14.6,14.4,1.93,1.06,4.04,3.39,,2.72
AISC,WT,WT13.5X129,129.0,38.1,14.5,14.3,1.77,0.98,4.02,3.36,,2.56
AISC,WT,WT13.5X117.5,117.5,34.7,14.3,14.2,1.61,0.91,4.0,3.33,,2.4
AISC,WT,WT13.5X108.5,108.5,32.0,14.2,14.1,1.5,0.83,3.96,3.32,,2.29
AISC,WT,WT13.5X97,97.0,28.6,14.1,14.0,1.34,0.75,3.94,3.29,,2.13
AISC,WT,WT13.5X89,89.0,26.3,13.9,14.1,1.19,0.725,3.97,3.25,,1.98
AISC,WT,WT13.5X80.5,80.5,23.8,13.8,14.0,1.08,0.66,3.95,3.23,,1.87
AISC,WT,WT13.5X73,73.0,21.6,13.7,14.0,0.975,0.605,3.95,3.2,,1.76
AISC,WT,WT13.5X64.5,64.5,18.9,13.8,10.0,1.1,0.61,4.13,2.21,,1.7
AISC,WT,WT13.5X57,57.0,16.8,13.6,10.1,0.93,0.57,4.15,2.18,,1.53
AISC,WT,WT13.5X51,51.0,15.0,13.5,10.0,0.83,0.515,4.14,2.15,,1.43
AISC,WT,WT13.5X47,47.0,13.8,13.5,10.0,0.745,0.49,4.16,2.12,,1.34
AISC,WT,WT13.5X42,42.0,12.4,13.4,10.0,0.64,0.46,4.18,2.07,,1.24
AISC,WT,WT12X185,185.0,54.5,14.0,13.7,2.72,1.52,3.78,3.27,,3.22
AISC,WT,WT12X167.5,167.5,49.1,13.8,13.5,2.48,1.38,3.73,3.23,,2.98
AISC,WT,WT12X153,153.0,44.9,13.6,13.4,2.28,1.26,3.69,3.2,,2.78
AISC,WT,WT12X139.5,139.5,41.0,13.4,13.3,2.09,1.16,3.65,3.17,,2.59
AISC,WT,WT12X125,125.0,36.8,13.2,13.2,1.89,1.04,3.61,3.14,,2.39
AISC,WT,WT12X114.5,114.5,33.6,13.0,13.1,1.73,0.96,3.58,3.11,,2.23
AISC,WT,WT12X103.5,103.5,30.3,12.9,13.0,1.57,0.87,3.55,3.08,,2.07
AISC,WT,WT12X96,96.0,28.2,12.7,13.0,1.46,0.81,3.53,3.07,,1.96
AISC,WT,WT12X88,88.0,25.8,12.6,12.9,1.34,0.75,3.51,3.04,,1.84
AISC,WT,WT12X81,81.0,23.9,12.5,13.0,1.22,0.705,3.5,3.05,,1.72
AISC,WT,WT12X73,73.0,21.5,12.4,12.9,1.09,0.65,3.5,3.01,,1.59
AISC,WT,WT12X65.5,65.5,19.3,12.2,12.9,0.96,0.605,3.52,2.97,,1.46
AISC,WT,WT12X58.5,58.5,17.2,12.1,12.8,0.85,0.55,3.51,2.94,,1.35
AISC,WT,WT12X52,52.0,15.3,12.0,12.8,0.75,0.5,3.51,2.91,,1.25
AISC,WT,WT12X51.5,51.5,15.1,12.3,9.0,0.98,0.55,3.67,1.99,,1.48
AISC,WT,WT12X47,47.0,13.8,12.2,9.07,0.875,0.515,3.67,1.98,,1.38
AISC,WT,WT12X42,42.0,12.4,12.1,9.02,0.77,0.47,3.67,1.95,,1.27
AISC,WT,WT12X38,38.0,11.2,12.0,8.99,0.68,0.44,3.68,1.92,,1.18
AISC,WT,WT12X34,34.0,10.0,11.9,8.97,0.585,0.415,3.7,1.87,,1.09
AISC,WT,WT12X31,31.0,9.11,11.9,7.04,0.59,0.43,3.79,1.38,,1.09
AISC,WT,WT12X27.5,27.5,8.1,11.8,7.01,0.505,0.395,3.8,1.34,,1.01
AISC,WT,WT10.5X137.5,137.5,40.9,12.1,12.9,2.19,1.22,3.2,3.1,,3.37
AISC,WT,WT10.5X124,124.0,37.0,11.9,12.8,1.99,1.1,3.15,3.07,,3.17
AISC,WT,WT10.5X111.5,111.5,33.2,11.7,12.7,1.79,1.0,3.12,3.04,,2.97
AISC,WT,WT10.5X100.5,100.5,29.6,11.5,12.6,1.63,0.91,3.1,3.02,,2.13
AISC,WT,WT10.5X91,91.0,26.8,11.4,12.5,1.48,0.83,3.07,3.0,,1.98
AISC,WT,WT10.5X83,83.0,24.4,11.2,12.4,1.36,0.75,3.04,2.99,,1.86
AISC,WT,WT10.5X73.5,73.5,21.6,11.0,12.5,1.15,0.72,3.08,2.95,,1.65
AISC,WT,WT10.5X66,66.0,19.4,10.9,12.4,1.04,0.65,3.06,2.93,,1.54
AISC,WT,WT10.5X61,61.0,17.9,10.8,12.4,0.96,0.6,3.04,2.91,,1.46
AISC,WT,WT10.5X55.5,55.5,16.3,10.8,12.3,0.875,0.55,3.03,2.9,,1.38
AISC,WT,WT10.5X50.5,50.5,14.9,10.7,12.3,0.8,0.5,3.01,2.89,,1.3
AISC,WT,WT10.5X46.5,46.5,13.7,10.8,8.42,0.93,0.58,3.25,1.84,,1.43
AISC,WT,WT10.5X41.5,41.5,12.2,10.7,8.36,0.835,0.515,3.22,1.83,,1.34
AISC,WT,WT10.5X36.5,36.5,10.7,10.6,8.3,0.74,0.455,3.21,1.81,,1.24
AISC,WT,WT10.5X34,34.0,10.0,10.6,8.27,0.685,0.43,3.2,1.8,,1.19
AISC,WT,WT10.5X31,31.0,9.13,10.5,8.24,0.615,0.4,3.21,1.77,,1.12
AISC,WT,WT10.5X27.5,27.5,8.1,10.4,8.22,0.522,0.375,3.23,1.73,,1.02
AISC,WT,WT10.5X24,24.0,7.07,10.3,8.14,0.43,0.35,3.26,1.66,,0.93
AISC,WT,WT10.5X28.5,28.5,8.37,10.5,6.56,0.65,0.405,3.29,1.35,,1.15
AISC,WT,WT10.5X25,25.0,7.36,10.4,6.53,0.535,0.38,3.3,1.3,,1.04
AISC,WT,WT10.5X22,22.0,6.49,10.3,6.5,0.45,0.35,3.31,1.26,,0.95
AISC,WT,WT9X155.5,155.5,45.8,11.2,12.0,2.74,1.52,2.89,2.95,,3.24
AISC,WT,WT9X141.5,141.5,41.7,10.9,11.9,2.5,1.4,2.85,2.91,,3.0
AISC,WT,WT9X129,129.0,38.0,10.7,11.8,2.3,1.28,2.8,2.88,,2.7
AISC,WT,WT9X117,117.0,34.3,10.5,11.7,2.11,1.16,2.75,2.85,,2.51
AISC,WT,WT9X105.5,105.5,31.2,10.3,11.6,1.91,1.06,2.72,2.82,,2.31
AISC,WT,WT9X96,96.0,28.1,10.2,11.5,1.75,0.96,2.68,2.79,,2.15
AISC,WT,WT9X87.5,87.5,25.7,10.0,11.4,1.59,0.89,2.66,2.76,,1.99
AISC,WT,WT9X79,79.0,23.2,9.86,11.3,1.44,0.81,2.63,2.74,,1.84
AISC,WT,WT9X71.5,71.5,21.0,9.75,11.2,1.32,0.73,2.6,2.72,,1.72
AISC,WT,WT9X65,65.0,19.2,9.63,11.2,1.2,0.67,2.58,2.7,,1.6
AISC,WT,WT9X59.5,59.5,17.6,9.49,11.3,1.06,0.655,2.6,2.69,,1.46
AISC,WT,WT9X53,53.0,15.6,9.37,11.2,0.94,0.59,2.59,2.66,,1.34
AISC,WT,WT9X48.5,48.5,14.2,9.3,11.1,0.87,0.535,2.56,2.65,,1.27
AISC,WT,WT9X43,43.0,12.7,9.2,11.1,0.77,0.48,2.55,2.63,,1.17
AISC,WT,WT9X38,38.0,11.1,9.11,11.0,0.68,0.425,2.54,2.61,,1.08
AISC,WT,WT9X35.5,35.5,10.4,9.24,7.64,0.81,0.495,2.74,1.7,,1.21
AISC,WT,WT9X32.5,32.5,9.55,9.18,7.59,0.75,0.45,2.72,1.69,,1.15
AISC,WT,WT9X30,30.0,8.82,9.12,7.56,0.695,0.415,2.71,1.68,,1.1
AISC,WT,WT9X27.5,27.5,8.1,9.06,7.53,0.63,0.39,2.71,1.67,,1.03
AISC,WT,WT9X25,25.0,7.34,9.0,7.5,0.57,0.355,2.7,1.65,,0.972
AISC,WT,WT9X23,23.0,6.77,9.03,6.06,0.605,0.36,2.77,1.29,,1.01
AISC,WT,WT9X20,20.0,5.88,8.95,6.02,0.525,0.315,2.76,1.27,,0.927
AISC,WT,WT9X17.5,17.5,5.15,8.85,6.0,0.425,0.3,2.79,1.22,,0.827
AISC,WT,WT8X50,50.0,14.7,8.49,10.4,0.985,0.585,2.28,2.51,,1.39
AISC,WT,WT8X44.5,44.5,13.1,8.38,10.4,0.875,0.525,2.27,2.49,,1.28
AISC,WT,WT8X38.5,38.5,11.3,8.26,10.3,0.76,0.455,2.24,2.47,,1.16
AISC,WT,WT8X33.5,33.5,9.81,8.17,10.2,0.665,0.395,2.22,2.46,,1.07
AISC,WT,WT8X28.5,28.5,8.39,8.22,7.12,0.715,0.43,2.41,1.6,,1.12
AISC,WT,WT8X25,25.0,7.37,8.13,7.07,0.63,0.38,2.4,1.59,,1.03
AISC,WT,WT8X22.5,22.5,6.63,8.07,7.04,0.565,0.345,2.39,1.57,,0.967
AISC,WT,WT8X20,20.0,5.89,8.01,7.0,0.505,0.305,2.37,1.56,,0.907
AISC,WT,WT8X18,18.0,5.29,7.93,6.99,0.43,0.295,2.41,1.52,,0.832
AISC,WT,WT8X15.5,15.5,4.56,7.94,5.53,0.44,0.275,2.45,1.17,,0.842
AISC,WT,WT8X13,13.0,3.84,7.85,5.5,0.345,0.25,2.47,1.12,,0.747
AISC,WT,WT7X436.5,436.5,129.0,11.8,18.8,5.51,3.94,2.84,4.89,,6.1
AISC,WT,WT7X404,404.0,119.0,11.4,18.6,5.12,3.74,2.75,4.82,,5.71
AISC,WT,WT7X365,365.0,107.0,11.2,17.9,4.91,3.07,2.62,4.69,,5.51
AISC,WT,WT7X332.5,332.5,97.8,10.8,17.7,4.52,2.83,2.52,4.62,,5.12
AISC,WT,WT7X302.5,302.5,89.0,10.5,17.4,4.16,2.6,2.43,4.55,,4.76
AISC,WT,WT7X275,275.0,80.9,10.1,17.2,3.82,2.38,2.34,4.49,,4.42
AISC,WT,WT7X250,250.0,73.5,9.8,17.0,3.5,2.19,2.26,4.43,,4.1
AISC,WT,WT7X227.5,227.5,66.9,9.51,16.8,3.21,2.02,2.19,4.38,,3.81
AISC,WT,WT7X213,213.0,62.7,9.34,16.7,3.04,1.88,2.14,4.34,,3.63
AISC,WT,WT7X199,199.0,58.4,9.15,16.6,2.85,1.77,2.1,4.31,,3.44
AISC,WT,WT7X185,185.0,54.4,8.96,16.5,2.66,1.66,2.05,4.27,,3.26
AISC,WT,WT7X171,171.0,50.3,8.77,16.4,2.47,1.54,2.01,4.24,,3.07
AISC,WT,WT7X155.5,155.5,45.7,8.56,16.2,2.26,1.41,1.96,4.2,,2.86
AISC,WT,WT7X141.5,141.5,41.6,8.37,16.1,2.07,1.29,1.92,4.17,,2.67
AISC,WT,WT7X128.5,128.5,37.8,8.19,16.0,1.89,1.18,1.88,4.13,,2.49
AISC,WT,WT7X116.5,116.5,34.2,8.02,15.9,1.72,1.07,1.84,4.1,,2.32
AISC,WT,WT7X105.5,105.5,31.0,7.86,15.8,1.56,0.98,1.81,4.07,,2.16
AISC,WT,WT7X96.5,96.5,28.4,7.74,15.7,1.44,0.89,1.78,4.05,,2.04
AISC,WT,WT7X88,88.0,25.9,7.61,15.7,1.31,0.83,1.76,4.02,,1.91
AISC,WT,WT7X79.5,79.5,23.4,7.49,15.6,1.19,0.745,1.73,4.0,,1.79
AISC,WT,WT7X72.5,72.5,21.3,7.39,15.5,1.09,0.68,1.71,3.98,,1.69
AISC,WT,WT7X66,66.0,19.4,7.33,14.7,1.03,0.645,1.73,3.76,,1.63
AISC,WT,WT7X60,60.0,17.7,7.24,14.7,0.94,0.59,1.71,3.74,,1.54
AISC,WT,WT7X54.5,54.5,16.0,7.16,14.6,0.86,0.525,1.68,3.73,,1.46
AISC,WT,WT7X49.5,49.5,14.6,7.08,14.6,0.78,0.485,1.67,3.71,,1.38
AISC,WT,WT7X45,45.0,13.2,7.01,14.5,0.71,0.44,1.66,3.7,,1.31
AISC,WT,WT7X41,41.0,12.0,7.16,10.1,0.855,0.51,1.85,2.48,,1.45
AISC,WT,WT7X37,37.0,10.9,7.09,10.1,0.785,0.45,1.82,2.48,,1.38
AISC,WT,WT7X34,34.0,10.0,7.02,10.0,0.72,0.415,1.81,2.46,,1.31
AISC,WT,WT7X30.5,30.5,8.96,6.95,10.0,0.645,0.375,1.8,2.45,,1.24
AISC,WT,WT7X26.5,26.5,7.8,6.96,8.06,0.66,0.37,1.88,1.92,,1.25
AISC,WT,WT7X24,24.0,7.07,6.9,8.03,0.595,0.34,1.88,1.91,,1.19
AISC,WT,WT7X21.5,21.5,6.31,6.83,8.0,0.53,0.305,1.86,1.89,,1.12
AISC,WT,WT7X19,19.0,5.58,7.05,6.77,0.515,0.31,2.04,1.55,,0.915
AISC,WT,WT7X17,17.0,5.0,6.99,6.75,0.455,0.285,2.04,1.53,,0.855
AISC,WT,WT7X15,15.0,4.42,6.92,6.73,0.385,0.27,2.07,1.49,,0.785
AISC,WT,WT7X13,13.0,3.85,6.96,5.03,0.42,0.255,2.12,1.08,,0.82
AISC,WT,WT7X11,11.0,3.25,6.87,5.0,0.335,0.23,2.14,1.04,,0.735
AISC,WT,WT6X168,168.0,49.5,8.41,13.4,2.96,1.78,1.96,3.47,,3.55
AISC,WT,WT6X152.5,152.5,44.7,8.16,13.2,2.71,1.63,1.9,3.42,,3.3
AISC,WT,WT6X139.5,139.5,41.0,7.93,13.1,2.47,1.53,1.86,3.38,,3.07
AISC,WT,WT6X126,126.0,37.1,7.71,13.0,2.25,1.4,1.81,3.34,,2.85
AISC,WT,WT6X115,115.0,33.8,7.53,12.9,2.07,1.29,1.77,3.31,,2.67
AISC,WT,WT6X105,105.0,30.9,7.36,12.8,1.9,1.18,1.73,3.28,,2.5
AISC,WT,WT6X95,95.0,28.0,7.19,12.7,1.74,1.06,1.68,3.25,,2.33
AISC,WT,WT6X85,85.0,25.0,7.02,12.6,1.56,0.96,1.65,3.22,,2.16
AISC,WT,WT6X76,76.0,22.4,6.86,12.5,1.4,0.87,1.62,3.19,,2.0
AISC,WT,WT6X68,68.0,20.0,6.71,12.4,1.25,0.79,1.59,3.16,,1.85
AISC,WT,WT6X60,60.0,17.6,6.56,12.3,1.11,0.71,1.57,3.13,,1.7
AISC,WT,WT6X53,53.0,15.6,6.45,12.2,0.99,0.61,1.53,3.11,,1.59
AISC,WT,WT6X48,48.0,14.1,6.36,12.2,0.9,0.55,1.51,3.09,,1.5
AISC,WT,WT6X43.5,43.5,12.8,6.27,12.1,0.81,0.515,1.5,3.07,,1.41
AISC,WT,WT6X39.5,39.5,11.6,6.19,12.1,0.735,0.47,1.49,3.05,,1.33
AISC,WT,WT6X36,36.0,10.6,6.13,12.0,0.67,0.43,1.48,3.04,,1.27
AISC,WT,WT6X32.5,32.5,9.54,6.06,12.0,0.605,0.39,1.47,3.02,,1.2
AISC,WT,WT6X29,29.0,8.52,6.1,10.0,0.64,0.36,1.5,2.51,,1.24
AISC,WT,WT6X26.5,26.5,7.78,6.03,10.0,0.575,0.345,1.51,2.48,,1.18
AISC,WT,WT6X25,25.0,7.3,6.1,8.08,0.64,0.37,1.6,1.96,,1.14
AISC,WT,WT6X22.5,22.5,6.56,6.03,8.05,0.575,0.335,1.59,1.95,,1.08
AISC,WT,WT6X20,20.0,5.84,5.97,8.01,0.515,0.295,1.57,1.94,,1.02
AISC,WT,WT6X17.5,17.5,5.17,6.25,6.56,0.52,0.3,1.76,1.54,,0.82
AISC,WT,WT6X15,15.0,4.4,6.17,6.52,0.44,0.26,1.75,1.52,,0.74
AISC,WT,WT6X13,13.0,3.82,6.11,6.49,0.38,0.23,1.75,1.51,,0.68
AISC,WT,WT6X11,11.0,3.24,6.16,4.03,0.425,0.26,1.9,0.847,,0.725
AISC,WT,WT6X9.5,9.5,2.79,6.08,4.01,0.35,0.235,1.9,0.821,,0.65
AISC,WT,WT6X8,8.0,2.36,6.0,3.99,0.265,0.22,1.92,0.773,,0.565
AISC,WT,WT6X7,7.0,2.08,5.96,3.97,0.225,0.2,1.92,0.753,,0.525
AISC,WT,WT5X56,56.0,16.5,5.68,10.4,1.25,0.755,1.32,2.67,,1.75
AISC,WT,WT5X50,50.0,14.7,5.55,10.3,1.12,0.68,1.29,2.65,,1.62
AISC,WT,WT5X44,44.0,13.0,5.42,10.3,0.99,0.605,1.27,2.63,,1.49
AISC,WT,WT5X38.5,38.5,11.3,5.3,10.2,0.87,0.53,1.24,2.6,,1.37
AISC,WT,WT5X34,34.0,10.0,5.2,10.1,0.77,0.47,1.22,2.58,,1.27
AISC,WT,WT5X30,30.0,8.84,5.11,10.1,0.68,0.42,1.21,2.57,,1.18
AISC,WT,WT5X27,27.0,7.9,5.05,10.0,0.615,0.37,1.19,2.56,,1.12
AISC,WT,WT5X24.5,24.5,7.21,4.99,10.0,0.56,0.34,1.18,2.54,,1.06
AISC,WT,WT5X22.5,22.5,6.63,5.05,8.02,0.62,0.35,1.24,2.01,,1.12
AISC,WT,WT5X19.5,19.5,5.73,4.96,7.99,0.53,0.315,1.24,1.98,,1.03
AISC,WT,WT5X16.5,16.5,4.85,4.87,7.96,0.435,0.29,1.26,1.94,,0.935
AISC,WT,WT5X15,15.0,4.42,5.24,5.81,0.51,0.3,1.45,1.37,,0.81
AISC,WT,WT5X13,13.0,3.81,5.17,5.77,0.44,0.26,1.44,1.36,,0.74
AISC,WT,WT5X11,11.0,3.24,5.09,5.75,0.36,0.24,1.46,1.33,,0.66
AISC,WT,WT5X9.5,9.5,2.81,5.12,4.02,0.395,0.25,1.54,0.874,,0.695
AISC,WT,WT5X8.5,8.5,2.5,5.06,4.01,0.33,0.24,1.56,0.844,,0.63
AISC,WT,WT5X7.5,7.5,2.21,5.0,4.0,0.27,0.23,1.57,0.81,,0.57
AISC,WT,WT5X6,6.0,1.77,4.94,3.96,0.21,0.19,1.57,0.785,,0.51
AISC,WT,WT4X33.5,33.5,9.84,4.5,8.28,0.935,0.57,1.05,2.12,,1.33
AISC,WT,WT4X29,29.0,8.54,4.38,8.22,0.81,0.51,1.03,2.1,,1.2
AISC,WT,WT4X24,24.0,7.05,4.25,8.11,0.685,0.4,0.986,2.08,,1.08
AISC,WT,WT4X20,20.0,5.87,4.13,8.07,0.56,0.36,0.988,2.04,,0.954
AISC,WT,WT4X17.5,17.5,5.14,4.06,8.02,0.495,0.31,0.968,2.03,,0.889
AISC,WT,WT4X15.5,15.5,4.56,4.0,8.0,0.435,0.285,0.969,2.02,,0.829
AISC,WT,WT4X14,14.0,4.12,4.03,6.54,0.465,0.285,1.01,1.62,,0.859
AISC,WT,WT4X12,12.0,3.54,3.97,6.5,0.4,0.245,0.999,1.61,,0.794
AISC,WT,WT4X10.5,10.5,3.08,4.14,5.27,0.4,0.25,1.12,1.26,,0.7
AISC,WT,WT4X9,9.0,2.63,4.07,5.25,0.33,0.23,1.14,1.23,,0.63
AISC,WT,WT4X7.5,7.5,2.22,4.06,4.02,0.315,0.245,1.22,0.876,,0.615
AISC,WT,WT4X6.5,6.5,1.92,4.0,4.0,0.255,0.23,1.23,0.843,,0.555
AISC,WT,WT4X5,5.0,1.48,3.95,3.94,0.205,0.17,1.2,0.84,,0.505
AISC,WT,WT3X12.5,12.5,3.67,3.19,6.08,0.455,0.32,0.789,1.52,,0.705
AISC,WT,WT3X10,10.0,2.94,3.1,6.02,0.365,0.26,0.774,1.5,,0.615
AISC,WT,WT3X7.5,7.5,2.21,3.0,5.99,0.26,0.23,0.797,1.45,,0.51
AISC,WT,WT3X8,8.0,2.37,3.14,4.03,0.405,0.26,0.844,0.966,,0.655
AISC,WT,WT3X6,6.0,1.78,3.02,4.0,0.28,0.23,0.862,0.918,,0.53
AISC,WT,WT3X4.5,4.5,1.34,2.95,3.94,0.215,0.17,0.842,0.905,,0.465
AISC,WT,WT3X4.25,4.25,1.26,2.92,3.94,0.195,0.17,0.848,0.89,,0.445
AISC,WT,WT2.5X9.5,9.5,2.78,2.58,5.03,0.43,0.27,0.604,1.28,,0.73
AISC,WT,WT2.5X8,8.0,2.35,2.51,5.0,0.36,0.24,0.599,1.26,,0.66
AISC,WT,WT2X6.5,6.5,1.91,2.08,4.06,0.345,0.28,0.524,1.0,,0.595
AISC,MT,MT6.25X6.2,6.2,1.82,6.27,3.75,0.228,0.155,2.01,0.746,,0.563
AISC,MT,MT6.25X5.8,5.8,1.7,6.25,3.5,0.211,0.155,2.03,0.669,,0.563
AISC,MT,MT6X5.9,5.9,1.74,6.0,3.07,0.225,0.177,1.96,0.561,,0.563
AISC,MT,MT6X5.4,5.4,1.59,5.99,3.07,0.21,0.16,1.95,0.566,,0.563
AISC,MT,MT6X5,5.0,1.48,5.99,3.25,0.18,0.149,1.96,0.594,,0.5
AISC,MT,MT5X4.5,4.5,1.33,5.0,2.69,0.206,0.157,1.62,0.505,,0.563
AISC,MT,MT5X4,4.0,1.19,4.98,2.69,0.182,0.141,1.62,0.502,,0.563
AISC,MT,MT5X3.75,3.75,1.11,5.0,2.69,0.173,0.13,1.63,0.505,,0.438
AISC,MT,MT4X3.25,3.25,0.959,4.0,2.28,0.189,0.135,1.29,0.444,,0.563
AISC,MT,MT4X3.1,3.1,0.911,4.0,2.28,0.177,0.129,1.29,0.441,,0.438
AISC,MT,MT3X2.2,2.2,0.647,3.0,1.84,0.171,0.114,0.949,0.374,,0.375
AISC,MT,MT3X1.85,1.85,0.545,2.96,2.0,0.129,0.098,0.945,0.4,,0.313
AISC,MT,MT2.5X9.45,9.45,2.78,2.5,5.0,0.416,0.316,0.617,1.26,,0.813
AISC,MT,MT2X3,3.0,0.875,1.9,3.8,0.16,0.13,0.493,0.926,,0.5
AISC,ST,ST12X60.5,60.5,17.8,12.3,8.05,1.09,0.8,3.82,1.53,,2.0
AISC,ST,ST12X53,53.0,15.6,12.3,7.87,1.09,0.62,3.72,1.57,,2.0
AISC,ST,ST12X50,50.0,14.7,12.0,7.25,0.87,0.745,3.83,1.27,,1.75
AISC,ST,ST12X45,45.0,13.2,12.0,7.13,0.87,0.625,3.79,1.3,,1.75
AISC,ST,ST12X40,40.0,11.7,12.0,7.0,0.87,0.5,3.72,1.34,,1.75
AISC,ST,ST10X48,48.0,14.1,10.2,7.2,0.92,0.8,3.18,1.33,,1.75
AISC,ST,ST10X43,43.0,12.7,10.2,7.06,0.92,0.66,3.13,1.36,,1.75
AISC,ST,ST10X37.5,37.5,11.0,10.0,6.39,0.795,0.635,3.15,1.16,,1.63
AISC,ST,ST10X33,33.0,9.7,10.0,6.26,0.795,0.505,3.1,1.19,,1.63
AISC,ST,ST9X35,35.0,10.3,9.0,6.25,0.691,0.711,2.87,1.08,,1.5
AISC,ST,ST9X27.35,27.35,8.02,9.0,6.0,0.691,0.461,2.79,1.14,,1.5
AISC,ST,ST7.5X25,25.0,7.34,7.5,5.64,0.622,0.55,2.35,1.03,,1.38
AISC,ST,ST7.5X21.45,21.45,6.3,7.5,5.5,0.622,0.411,2.29,1.06,,1.38
AISC,ST,ST6X25,25.0,7.33,6.0,5.48,0.659,0.687,1.85,1.03,,1.44
AISC,ST,ST6X20.4,20.4,5.96,6.0,5.25,0.659,0.462,1.78,1.06,,1.44
AISC,ST,ST6X17.5,17.5,5.12,6.0,5.08,0.544,0.428,1.83,0.98,,1.19
AISC,ST,ST6X15.9,15.9,4.65,6.0,5.0,0.544,0.35,1.78,1.0,,1.19
AISC,ST,ST5X17.5,17.5,5.14,5.0,4.94,0.491,0.594,1.56,0.899,,1.13
AISC,ST,ST5X12.7,12.7,3.72,5.0,4.66,0.491,0.311,1.45,0.95,,1.13
AISC,ST,ST4X11.5,11.5,3.38,4.0,4.17,0.425,0.441,1.22,0.795,,1.0
AISC,ST,ST4X9.2,9.2,2.7,4.0,4.0,0.425,0.271,1.14,0.827,,1.0
AISC,ST,ST3X8.6,8.6,2.53,3.0,3.57,0.359,0.465,0.915,0.673,,0.813
AISC,ST,ST3X6.25,6.25,1.83,3.0,3.33,0.359,0.232,0.831,0.702,,0.813
AISC,ST,ST2.5X5,5.0,1.46,2.5,3.0,0.326,0.214,0.677,0.638,,0.75
AISC,ST,ST2X4.75,4.75,1.4,2.0,2.8,0.293,0.326,0.575,0.564,,0.75
AISC,ST,ST2X3.85,3.85,1.13,2.0,2.66,0.293,0.193,0.522,0.576,,0.75
AISC,ST,ST1.5X3.75,3.75,1.1,1.5,2.51,0.26,0.349,0.426,0.513,,0.625
AISC,ST,ST1.5X2.85,2.85,0.83,1.5,2.33,0.26,0.17,0.37,0.518,,0.625
AISC,2L,2L12X12X1-3/8,210.0,62.2,12.0,,,,3.64,5.06,,
AISC,2L,2L12X12X1-3/8X3/4,210.0,62.2,12.0,,,,3.64,5.32,,
AISC,2L,2L12X12X1-3/8X1-1/2,210.0,62.2,12.0,,,,3.64,5.6,,
AISC,2L,2L12X12X1-1/4,193.0,56.8,12.0,,,,3.66,5.04,,
AISC,2L,2L12X12X1-1/4X3/4,193.0,56.8,12.0,,,,3.66,5.29,,
AISC,2L,2L12X12X1-1/4X1-1/2,193.0,56.8,12.0,,,,3.66,5.57,,
AISC,2L,2L12X12X1-1/8,174.0,51.6,12.0,,,,3.68,5.02,,
AISC,2L,2L12X12X1-1/8X3/4,174.0,51.6,12.0,,,,3.68,5.28,,
AISC,2L,2L12X12X1-1/8X1-1/2,174.0,51.6,12.0,,,,3.68,5.55,,
AISC,2L,2L12X12X1,156.0,46.0,12.0,,,,3.7,5.0,,
AISC,2L,2L12X12X1X3/4,156.0,46.0,12.0,,,,3.7,5.25,,
AISC,2L,2L12X12X1X1-1/2,156.0,46.0,12.0,,,,3.7,5.54,,
AISC,2L,2L10X10X1-3/8,174.0,51.2,10.0,,,,3.0,4.25,,
AISC,2L,2L10X10X1-3/8X3/4,174.0,51.2,10.0,,,,3.0,4.53,,
AISC,2L,2L10X10X1-3/8X1-1/2,174.0,51.2,10.0,,,,3.0,4.8,,
AISC,2L,2L10X10X1-1/4,160.0,46.8,10.0,,,,3.02,4.22,,
AISC,2L,2L10X10X1-1/4X3/4,160.0,46.8,10.0,,,,3.02,4.49,,
AISC,2L,2L10X10X1-1/4X1-1/2,160.0,46.8,10.0,,,,3.02,4.78,,
AISC,2L,2L10X10X1-1/8,145.0,42.6,10.0,,,,3.03,4.2,,
AISC,2L,2L10X10X1-1/8X3/4,145.0,42.6,10.0,,,,3.03,4.46,,
AISC,2L,2L10X10X1-1/8X1-1/2,145.0,42.6,10.0,,,,3.03,4.75,,
AISC,2L,2L10X10X1,129.0,38.0,10.0,,,,3.05,4.18,,
AISC,2L,2L10X10X1X3/4,129.0,38.0,10.0,,,,3.05,4.45,,
AISC,2L,2L10X10X1X1-1/2,129.0,38.0,10.0,,,,3.05,4.73,,
AISC,2L,2L10X10X7/8,114.0,33.6,10.0,,,,3.07,4.15,,
AISC,2L,2L10X10X7/8X3/4,114.0,33.6,10.0,,,,3.07,4.42,,
AISC,2L,2L10X10X7/8X1-1/2,114.0,33.6,10.0,,,,3.07,4.69,,
AISC,2L,2L10X10X3/4,98.2,29.0,10.0,,,,3.1,4.15,,
AISC,2L,2L10X10X3/4X3/4,98.2,29.0,10.0,,,,3.1,4.41,,
AISC,2L,2L10X10X3/4X1-1/2,98.2,29.0,10.0,,,,3.1,4.68,,
AISC,2L,2L8X8X1-1/8,114.0,33.6,8.0,,,,2.41,3.41,,
AISC,2L,2L8X8X1-1/8X3/8,114.0,33.6,8.0,,,,2.41,3.54,,
AISC,2L,2L8X8X1-1/8X3/4,114.0,33.6,8.0,,,,2.41,3.68,,
AISC,2L,2L8X8X1,102.0,30.2,8.0,,,,2.43,3.39,,
AISC,2L,2L8X8X1X3/8,102.0,30.2,8.0,,,,2.43,3.52,,
AISC,2L,2L8X8X1X3/4,102.0,30.2,8.0,,,,2.43,3.66,,
AISC,2L,2L8X8X7/8,90.0,26.6,8.0,,,,2.45,3.36,,
AISC,2L,2L8X8X7/8X3/8,90.0,26.6,8.0,,,,2.45,3.5,,
AISC,2L,2L8X8X7/8X3/4,90.0,26.6,8.0,,,,2.45,3.63,,
AISC,2L,2L8X8X3/4,77.8,23.0,8.0,,,,2.46,3.34,,
AISC,2L,2L8X8X3/4X3/8,77.8,23.0,8.0,,,,2.46,3.47,,
AISC,2L,2L8X8X3/4X3/4,77.8,23.0,8.0,,,,2.46,3.61,,
AISC,2L,2L8X8X5/8,65.4,19.4,8.0,,,,2.48,3.32,,
AISC,2L,2L8X8X5/8X3/8,65.4,19.4,8.0,,,,2.48,3.45,,
AISC,2L,2L8X8X5/8X3/4,65.4,19.4,8.0,,,,2.48,3.58,,
AISC,2L,2L8X8X9/16,59.2,17.5,8.0,,,,2.49,3.31,,
AISC,2L,2L8X8X9/16X3/8,59.2,17.5,8.0,,,,2.49,3.44,,
AISC,2L,2L8X8X9/16X3/4,59.2,17.5,8.0,,,,2.49,3.57,,
AISC,2L,2L8X8X1/2,52.8,15.7,8.0,,,,2.49,3.3,,
AISC,2L,2L8X8X1/2X3/8,52.8,15.7,8.0,,,,2.49,3.43,,
AISC,2L,2L8X8X1/2X3/4,52.8,15.7,8.0,,,,2.49,3.56,,
AISC,2L,2L6X6X1,74.8,22.0,6.0,,,,1.79,2.58,,
AISC,2L,2L6X6X1X3/8,74.8,22.0,6.0,,,,1.79,2.72,,
AISC,2L,2L6X6X1X3/4,74.8,22.0,6.0,,,,1.79,2.86,,
AISC,2L,2L6X6X7/8,66.2,19.5,6.0,,,,1.81,2.56,,
AISC,2L,2L6X6X7/8X3/8,66.2,19.5,6.0,,,,1.81,2.7,,
AISC,2L,2L6X6X7/8X3/4,66.2,19.5,6.0,,,,1.81,2.84,,
AISC,2L,2L6X6X3/4,57.4,16.9,6.0,,,,1.82,2.54,,
AISC,2L,2L6X6X3/4X3/8,57.4,16.9,6.0,,,,1.82,2.67,,
AISC,2L,2L6X6X3/4X3/4,57.4,16.9,6.0,,,,1.82,2.81,,
AISC,2L,2L6X6X5/8,48.4,14.3,6.0,,,,1.84,2.52,,
AISC,2L,2L6X6X5/8X3/8,48.4,14.3,6.0,,,,1.84,2.65,,
AISC,2L,2L6X6X5/8X3/4,48.4,14.3,6.0,,,,1.84,2.79,,
AISC,2L,2L6X6X9/16,43.8,12.9,6.0,,,,1.85,2.51,,
AISC,2L,2L6X6X9/16X3/8,43.8,12.9,6.0,,,,1.85,2.64,,
AISC,2L,2L6X6X9/16X3/4,43.8,12.9,6.0,,,,1.85,2.78,,
AISC,2L,2L6X6X1/2,39.2,11.5,6.0,,,,1.86,2.5,,
AISC,2L,2L6X6X1/2X3/8,39.2,11.5,6.0,,,,1.86,2.63,,
AISC,2L,2L6X6X1/2X3/4,39.2,11.5,6.0,,,,1.86,2.76,,
AISC,2L,2L6X6X7/16,34.4,10.2,6.0,,,,1.86,2.49,,
AISC,2L,2L6X6X7/16X3/8,34.4,10.2,6.0,,,,1.86,2.62,,
AISC,2L,2L6X6X7/16X3/4,34.4,10.2,6.0,,,,1.86,2.75,,
AISC,2L,2L6X6X3/8,29.8,8.76,6.0,,,,1.87,2.48,,
AISC,2L,2L6X6X3/8X3/8,29.8,8.76,6.0,,,,1.87,2.6,,
AISC,2L,2L6X6X3/8X3/4,29.8,8.76,6.0,,,,1.87,2.74,,
AISC,2L,2L6X6X5/16,24.8,7.34,6.0,,,,1.88,2.47,,
AISC,2L,2L6X6X5/16X3/8,24.8,7.34,6.0,,,,1.88,2.59,,
AISC,2L,2L6X6X5/16X3/4,24.8,7.34,6.0,,,,1.88,2.72,,
AISC,2L,2L5X5X7/8,54.4,16.0,5.0,,,,1.49,2.16,,
AISC,2L,2L5X5X7/8X3/8,54.4,16.0,5.0,,,,1.49,2.3,,
AISC,2L,2L5X5X7/8X3/4,54.4,16.0,5.0,,,,1.49,2.44,,
AISC,2L,2L5X5X3/4,47.2,14.0,5.0,,,,1.5,2.13,,
AISC,2L,2L5X5X3/4X3/8,47.2,14.0,5.0,,,,1.5,2.27,,
AISC,2L,2L5X5X3/4X3/4,47.2,14.0,5.0,,,,1.5,2.41,,
AISC,2L,2L5X5X5/8,40.0,11.8,5.0,,,,1.52,2.11,,
AISC,2L,2L5X5X5/8X3/8,40.0,11.8,5.0,,,,1.52,2.25,,
AISC,2L,2L5X5X5/8X3/4,40.0,11.8,5.0,,,,1.52,2.39,,
AISC,2L,2L5X5X1/2,32.4,9.58,5.0,,,,1.53,2.09,,
AISC,2L,2L5X5X1/2X3/8,32.4,9.58,5.0,,,,1.53,2.22,,
AISC,2L,2L5X5X1/2X3/4,32.4,9.58,5.0,,,,1.53,2.36,,
AISC,2L,2L5X5X7/16,28.6,8.44,5.0,,,,1.54,2.08,,
AISC,2L,2L5X5X7/16X3/8,28.6,8.44,5.0,,,,1.54,2.21,,
AISC,2L,2L5X5X7/16X3/4,28.6,8.44,5.0,,,,1.54,2.35,,
AISC,2L,2L5X5X3/8,24.6,7.3,5.0,,,,1.55,2.07,,
AISC,2L,2L5X5X3/8X3/8,24.6,7.3,5.0,,,,1.55,2.2,,
AISC,2L,2L5X5X3/8X3/4,24.6,7.3,5.0,,,,1.55,2.34,,
AISC,2L,2L5X5X5/16,20.6,6.14,5.0,,,,1.56,2.06,,
AISC,2L,2L5X5X5/16X3/8,20.6,6.14,5.0,,,,1.56,2.19,,
AISC,2L,2L5X5X5/16X3/4,20.6,6.14,5.0,,,,1.56,2.32,,
AISC,2L,2L4X4X3/4,37.0,10.9,4.0,,,,1.18,1.73,,
AISC,2L,2L4X4X3/4X3/8,37.0,10.9,4.0,,,,1.18,1.88,,
AISC,2L,2L4X4X3/4X3/4,37.0,10.9,4.0,,,,1.18,2.03,,
AISC,2L,2L4X4X5/8,31.4,9.22,4.0,,,,1.2,1.71,,
AISC,2L,2L4X4X5/8X3/8,31.4,9.22,4.0,,,,1.2,1.85,,
AISC,2L,2L4X4X5/8X3/4,31.4,9.22,4.0,,,,1.2,2.0,,
AISC,2L,2L4X4X1/2,25.6,7.5,4.0,,,,1.21,1.69,,
AISC,2L,2L4X4X1/2X3/8,25.6,7.5,4.0,,,,1.21,1.83,,
AISC,2L,2L4X4X1/2X3/4,25.6,7.5,4.0,,,,1.21,1.97,,
AISC,2L,2L4X4X7/16,22.6,6.6,4.0,,,,1.22,1.68,,
AISC,2L,2L4X4X7/16X3/8,22.6,6.6,4.0,,,,1.22,1.81,,
AISC,2L,2L4X4X7/16X3/4,22.6,6.6,4.0,,,,1.22,1.96,,
AISC,2L,2L4X4X3/8,19.6,5.72,4.0,,,,1.23,1.67,,
AISC,2L,2L4X4X3/8X3/8,19.6,5.72,4.0,,,,1.23,1.8,,
AISC,2L,2L4X4X3/8X3/4,19.6,5.72,4.0,,,,1.23,1.94,,
AISC,2L,2L4X4X5/16,16.4,4.8,4.0,,,,1.24,1.66,,
AISC,2L,2L4X4X5/16X3/8,16.4,4.8,4.0,,,,1.24,1.79,,
AISC,2L,2L4X4X5/16X3/4,16.4,4.8,4.0,,,,1.24,1.93,,
AISC,2L,2L4X4X1/4,13.2,3.86,4.0,,,,1.25,1.65,,
AISC,2L,2L4X4X1/4X3/8,13.2,3.86,4.0,,,,1.25,1.78,,
AISC,2L,2L4X4X1/4X3/4,13.2,3.86,4.0,,,,1.25,1.91,,
AISC,2L,2L3-1/2X3-1/2X1/2,22.2,6.5,3.5,,,,1.05,1.49,,
AISC,2L,2L3-1/2X3-1/2X1/2X3/8,22.2,6.5,3.5,,,,1.05,1.63,,
AISC,2L,2L3-1/2X3-1/2X1/2X3/4,22.2,6.5,3.5,,,,1.05,1.77,,
AISC,2L,2L3-1/2X3-1/2X7/16,19.6,5.78,3.5,,,,1.06,1.48,,
AISC,2L,2L3-1/2X3-1/2X7/16X3/8,19.6,5.78,3.5,,,,1.06,1.61,,
AISC,2L,2L3-1/2X3-1/2X7/16X3/4,19.6,5.78,3.5,,,,1.06,1.76,,
AISC,2L,2L3-1/2X3-1/2X3/8,17.0,5.0,3.5,,,,1.07,1.47,,
AISC,2L,2L3-1/2X3-1/2X3/8X3/8,17.0,5.0,3.5,,,,1.07,1.6,,
AISC,2L,2L3-1/2X3-1/2X3/8X3/4,17.0,5.0,3.5,,,,1.07,1.74,,
AISC,2L,2L3-1/2X3-1/2X5/16,14.4,4.2,3.5,,,,1.08,1.46,,
AISC,2L,2L3-1/2X3-1/2X5/16X3/8,14.4,4.2,3.5,,,,1.08,1.59,,
AISC,2L,2L3-1/2X3-1/2X5/16X3/4,14.4,4.2,3.5,,,,1.08,1.73,,
AISC,2L,2L3-1/2X3-1/2X1/4,11.6,3.4,3.5,,,,1.09,1.44,,
AISC,2L,2L3-1/2X3-1/2X1/4X3/8,11.6,3.4,3.5,,,,1.09,1.57,,
AISC,2L,2L3-1/2X3-1/2X1/4X3/4,11.6,3.4,3.5,,,,1.09,1.72,,
AISC,2L,2L3X3X1/2,18.8,5.52,3.0,,,,0.895,1.29,,
AISC,2L,2L3X3X1/2X3/8,18.8,5.52,3.0,,,,0.895,1.43,,
AISC,2L,2L3X3X1/2X3/4,18.8,5.52,3.0,,,,0.895,1.58,,
AISC,2L,2L3X3X7/16,16.6,4.86,3.0,,,,0.903,1.28,,
AISC,2L,2L3X3X7/16X3/8,16.6,4.86,3.0,,,,0.903,1.42,,
AISC,2L,2L3X3X7/16X3/4,16.6,4.86,3.0,,,,0.903,1.57,,
AISC,2L,2L3X3X3/8,14.4,4.22,3.0,,,,0.91,1.27,,
AISC,2L,2L3X3X3/8X3/8,14.4,4.22,3.0,,,,0.91,1.41,,
AISC,2L,2L3X3X3/8X3/4,14.4,4.22,3.0,,,,0.91,1.55,,
AISC,2L,2L3X3X5/16,12.2,3.56,3.0,,,,0.918,1.26,,
AISC,2L,2L3X3X5/16X3/8,12.2,3.56,3.0,,,,0.918,1.39,,
AISC,2L,2L3X3X5/16X3/4,12.2,3.56,3.0,,,,0.918,1.54,,
AISC,2L,2L3X3X1/4,9.8,2.88,3.0,,,,0.926,1.25,,
AISC,2L,2L3X3X1/4X3/8,9.8,2.88,3.0,,,,0.926,1.38,,
AISC,2L,2L3X3X1/4X3/4,9.8,2.88,3.0,,,,0.926,1.52,,
AISC,2L,2L3X3X3/16,7.42,2.18,3.0,,,,0.933,1.24,,
AISC,2L,2L3X3X3/16X3/8,7.42,2.18,3.0,,,,0.933,1.37,,
AISC,2L,2L3X3X3/16X3/4,7.42,2.18,3.0,,,,0.933,1.51,,
AISC,2L,2L2-1/2X2-1/2X1/2,15.4,4.52,2.5,,,,0.735,1.09,,
AISC,2L,2L2-1/2X2-1/2X1/2X3/8,15.4,4.52,2.5,,,,0.735,1.23,,
AISC,2L,2L2-1/2X2-1/2X1/2X3/4,15.4,4.52,2.5,,,,0.735,1.39,,
AISC,2L,2L2-1/2X2-1/2X3/8,11.8,3.46,2.5,,,,0.749,1.07,,
AISC,2L,2L2-1/2X2-1/2X3/8X3/8,11.8,3.46,2.5,,,,0.749,1.21,,
AISC,2L,2L2-1/2X2-1/2X3/8X3/4,11.8,3.46,2.5,,,,0.749,1.36,,
AISC,2L,2L2-1/2X2-1/2X5/16,10.0,2.92,2.5,,,,0.756,1.05,,
AISC,2L,2L2-1/2X2-1/2X5/16X3/8,10.0,2.92,2.5,,,,0.756,1.19,,
AISC,2L,2L2-1/2X2-1/2X5/16X3/4,10.0,2.92,2.5,,,,0.756,1.34,,
AISC,2L,2L2-1/2X2-1/2X1/4,8.2,2.38,2.5,,,,0.764,1.04,,
AISC,2L,2L2-1/2X2-1/2X1/4X3/8,8.2,2.38,2.5,,,,0.764,1.18,,
AISC,2L,2L2-1/2X2-1/2X1/4X3/4,8.2,2.38,2.5,,,,0.764,1.33,,
AISC,2L,2L2-1/2X2-1/2X3/16,6.14,1.8,2.5,,,,0.771,1.03,,
AISC,2L,2L2-1/2X2-1/2X3/16X3/8,6.14,1.8,2.5,,,,0.771,1.17,,
AISC,2L,2L2-1/2X2-1/2X3/16X3/4,6.14,1.8,2.5,,,,0.771,1.31,,
AISC,2L,2L2X2X3/8,9.4,2.74,2.0,,,,0.591,0.865,,
AISC,2L,2L2X2X3/8X3/8,9.4,2.74,2.0,,,,0.591,1.01,,
AISC,2L,2L2X2X3/8X3/4,9.4,2.74,2.0,,,,0.591,1.17,,
AISC,2L,2L2X2X5/16,7.84,2.32,2.0,,,,0.598,0.853,,
AISC,2L,2L2X2X5/16X3/8,7.84,2.32,2.0,,,,0.598,0.996,,
AISC,2L,2L2X2X5/16X3/4,7.84,2.32,2.0,,,,0.598,1.15,,
AISC,2L,2L2X2X1/4,6.38,1.89,2.0,,,,0.605,0.842,,
AISC,2L,2L2X2X1/4X3/8,6.38,1.89,2.0,,,,0.605,0.982,,
AISC,2L,2L2X2X1/4X3/4,6.38,1.89,2.0,,,,0.605,1.14,,
AISC,2L,2L2X2X3/16,4.88,1.44,2.0,,,,0.612,0.8310000000000001,,
AISC,2L,2L2X2X3/16X3/8,4.88,1.44,2.0,,,,0.612,0.967,,
AISC,2L,2L2X2X3/16X3/4,4.88,1.44,2.0,,,,0.612,1.12,,
AISC,2L,2L2X2X1/8,3.3,0.982,2.0,,,,0.62,0.8180000000000001,,
AISC,2L,2L2X2X1/8X3/8,3.3,0.982,2.0,,,,0.62,0.951,,
AISC,2L,2L2X2X1/8X3/4,3.3,0.982,2.0,,,,0.62,1.1,,
AISC,2L,2L8X6X1LLBB,88.4,26.2,8.0,,,,2.49,2.39,,
AISC,2L,2L8X6X1X3/8LLBB,88.4,26.2,8.0,,,,2.49,2.52,,
AISC,2L,2L8X6X1X3/4LLBB,88.4,26.2,8.0,,,,2.49,2.66,,
AISC,2L,2L8X6X7/8LLBB,78.2,23.0,8.0,,,,2.5,2.37,,
AISC,2L,2L8X6X7/8X3/8LLBB,78.2,23.0,8.0,,,,2.5,2.5,,
AISC,2L,2L8X6X7/8X3/4LLBB,78.2,23.0,8.0,,,,2.5,2.63,,
AISC,2L,2L8X6X3/4LLBB,67.6,20.0,8.0,,,,2.52,2.35,,
AISC,2L,2L8X6X3/4X3/8LLBB,67.6,20.0,8.0,,,,2.52,2.47,,
AISC,2L,2L8X6X3/4X3/4LLBB,67.6,20.0,8.0,,,,2.52,2.61,,
AISC,2L,2L8X6X5/8LLBB,57.0,16.8,8.0,,,,2.54,2.33,,
AISC,2L,2L8X6X5/8X3/8LLBB,57.0,16.8,8.0,,,,2.54,2.45,,
AISC,2L,2L8X6X5/8X3/4LLBB,57.0,16.8,8.0,,,,2.54,2.59,,
AISC,2L,2L8X6X9/16LLBB,51.4,15.2,8.0,,,,2.55,2.32,,
AISC,2L,2L8X6X9/16X3/8LLBB,51.4,15.2,8.0,,,,2.55,2.44,,
AISC,2L,2L8X6X9/16X3/4LLBB,51.4,15.2,8.0,,,,2.55,2.58,,
AISC,2L,2L8X6X1/2LLBB,46.0,13.6,8.0,,,,2.55,2.31,,
AISC,2L,2L8X6X1/2X3/8LLBB,46.0,13.6,8.0,,,,2.55,2.43,,
AISC,2L,2L8X6X1/2X3/4LLBB,46.0,13.6,8.0,,,,2.55,2.56,,
AISC,2L,2L8X6X7/16LLBB,40.4,12.0,8.0,,,,2.56,2.3,,
AISC,2L,2L8X6X7/16X3/8LLBB,40.4,12.0,8.0,,,,2.56,2.42,,
AISC,2L,2L8X6X7/16X3/4LLBB,40.4,12.0,8.0,,,,2.56,2.55,,
AISC,2L,2L8X4X1LLBB,74.8,22.2,8.0,,,,2.51,1.46,,
AISC,2L,2L8X4X1X3/8LLBB,74.8,22.2,8.0,,,,2.51,1.6,,
AISC,2L,2L8X4X1X3/4LLBB,74.8,22.2,8.0,,,,2.51,1.75,,
AISC,2L,2L8X4X7/8LLBB,66.2,19.6,8.0,,,,2.53,1.44,,
AISC,2L,2L8X4X7/8X3/8LLBB,66.2,19.6,8.0,,,,2.53,1.57,,
AISC,2L,2L8X4X7/8X3/4LLBB,66.2,19.6,8.0,,,,2.53,1.72,,
AISC,2L,2L8X4X3/4LLBB,57.4,17.0,8.0,,,,2.55,1.42,,
AISC,2L,2L8X4X3/4X3/8LLBB,57.4,17.0,8.0,,,,2.55,1.55,,
AISC,2L,2L8X4X3/4X3/4LLBB,57.4,17.0,8.0,,,,2.55,1.69,,
AISC,2L,2L8X4X5/8LLBB,48.4,14.3,8.0,,,,2.56,1.39,,
AISC,2L,2L8X4X5/8X3/8LLBB,48.4,14.3,8.0,,,,2.56,1.52,,
AISC,2L,2L8X4X5/8X3/4LLBB,48.4,14.3,8.0,,,,2.56,1.66,,
AISC,2L,2L8X4X9/16LLBB,43.8,13.0,8.0,,,,2.57,1.38,,
AISC,2L,2L8X4X9/16X3/8LLBB,43.8,13.0,8.0,,,,2.57,1.51,,
AISC,2L,2L8X4X9/16X3/4LLBB,43.8,13.0,8.0,,,,2.57,1.65,,
AISC,2L,2L8X4X1/2LLBB,39.2,11.6,8.0,,,,2.58,1.38,,
AISC,2L,2L8X4X1/2X3/8LLBB,39.2,11.6,8.0,,,,2.58,1.5,,
AISC,2L,2L8X4X1/2X3/4LLBB,39.2,11.6,8.0,,,,2.58,1.63,,
AISC,2L,2L8X4X7/16LLBB,34.4,10.2,8.0,,,,2.59,1.37,,
AISC,2L,2L8X4X7/16X3/8LLBB,34.4,10.2,8.0,,,,2.59,1.49,,
AISC,2L,2L8X4X7/16X3/4LLBB,34.4,10.2,8.0,,,,2.59,1.62,,
AISC,2L,2L7X4X3/4LLBB,52.4,15.5,7.0,,,,2.21,1.48,,
AISC,2L,2L7X4X3/4X3/8LLBB,52.4,15.5,7.0,,,,2.21,1.61,,
AISC,2L,2L7X4X3/4X3/4LLBB,52.4,15.5,7.0,,,,2.21,1.75,,
AISC,2L,2L7X4X5/8LLBB,44.2,13.0,7.0,,,,2.23,1.45,,
AISC,2L,2L7X4X5/8X3/8LLBB,44.2,13.0,7.0,,,,2.23,1.58,,
AISC,2L,2L7X4X5/8X3/4LLBB,44.2,13.0,7.0,,,,2.23,1.73,,
AISC,2L,2L7X4X1/2LLBB,35.8,10.5,7.0,,,,2.25,1.44,,
AISC,2L,2L7X4X1/2X3/8LLBB,35.8,10.5,7.0,,,,2.25,1.56,,
AISC,2L,2L7X4X1/2X3/4LLBB,35.8,10.5,7.0,,,,2.25,1.7,,
AISC,2L,2L7X4X7/16LLBB,31.4,9.26,7.0,,,,2.26,1.43,,
AISC,2L,2L7X4X7/16X3/8LLBB,31.4,9.26,7.0,,,,2.26,1.55,,
AISC,2L,2L7X4X7/16X3/4LLBB,31.4,9.26,7.0,,,,2.26,1.68,,
AISC,2L,2L7X4X3/8LLBB,27.2,8.0,7.0,,,,2.27,1.42,,
AISC,2L,2L7X4X3/8X3/8LLBB,27.2,8.0,7.0,,,,2.27,1.54,,
AISC,2L,2L7X4X3/8X3/4LLBB,27.2,8.0,7.0,,,,2.27,1.67,,
AISC,2L,2L6X4X7/8LLBB,54.4,16.0,6.0,,,,1.86,1.57,,
AISC,2L,2L6X4X7/8X3/8LLBB,54.4,16.0,6.0,,,,1.86,1.71,,
AISC,2L,2L6X4X7/8X3/4LLBB,54.4,16.0,6.0,,,,1.86,1.86,,
AISC,2L,2L6X4X3/4LLBB,47.2,13.9,6.0,,,,1.88,1.55,,
AISC,2L,2L6X4X3/4X3/8LLBB,47.2,13.9,6.0,,,,1.88,1.68,,
AISC,2L,2L6X4X3/4X3/4LLBB,47.2,13.9,6.0,,,,1.88,1.83,,
AISC,2L,2L6X4X5/8LLBB,40.0,11.7,6.0,,,,1.89,1.53,,
AISC,2L,2L6X4X5/8X3/8LLBB,40.0,11.7,6.0,,,,1.89,1.66,,
AISC,2L,2L6X4X5/8X3/4LLBB,40.0,11.7,6.0,,,,1.89,1.8,,
AISC,2L,2L6X4X9/16LLBB,36.2,10.6,6.0,,,,1.9,1.52,,
AISC,2L,2L6X4X9/16X3/8LLBB,36.2,10.6,6.0,,,,1.9,1.65,,
AISC,2L,2L6X4X9/16X3/4LLBB,36.2,10.6,6.0,,,,1.9,1.79,,
AISC,2L,2L6X4X1/2LLBB,32.4,9.5,6.0,,,,1.91,1.51,,
AISC,2L,2L6X4X1/2X3/8LLBB,32.4,9.5,6.0,,,,1.91,1.64,,
AISC,2L,2L6X4X1/2X3/4LLBB,32.4,9.5,6.0,,,,1.91,1.77,,
AISC,2L,2L6X4X7/16LLBB,28.6,8.36,6.0,,,,1.92,1.5,,
AISC,2L,2L6X4X7/16X3/8LLBB,28.6,8.36,6.0,,,,1.92,1.62,,
AISC,2L,2L6X4X7/16X3/4LLBB,28.6,8.36,6.0,,,,1.92,1.76,,
AISC,2L,2L6X4X3/8LLBB,24.6,7.22,6.0,,,,1.93,1.49,,
AISC,2L,2L6X4X3/8X3/8LLBB,24.6,7.22,6.0,,,,1.93,1.61,,
AISC,2L,2L6X4X3/8X3/4LLBB,24.6,7.22,6.0,,,,1.93,1.75,,
AISC,2L,2L6X4X5/16LLBB,20.6,6.06,6.0,,,,1.94,1.48,,
AISC,2L,2L6X4X5/16X3/8LLBB,20.6,6.06,6.0,,,,1.94,1.6,,
AISC,2L,2L6X4X5/16X3/4LLBB,20.6,6.06,6.0,,,,1.94,1.74,,
AISC,2L,2L6X3-1/2X1/2LLBB,30.6,9.0,6.0,,,,1.92,1.27,,
AISC,2L,2L6X3-1/2X1/2X3/8LLBB,30.6,9.0,6.0,,,,1.92,1.4,,
AISC,2L,2L6X3-1/2X1/2X3/4LLBB,30.6,9.0,6.0,,,,1.92,1.54,,
AISC,2L,2L6X3-1/2X3/8LLBB,23.4,6.88,6.0,,,,1.93,1.26,,
AISC,2L,2L6X3-1/2X3/8X3/8LLBB,23.4,6.88,6.0,,,,1.93,1.38,,
AISC,2L,2L6X3-1/2X3/8X3/4LLBB,23.4,6.88,6.0,,,,1.93,1.52,,
AISC,2L,2L6X3-1/2X5/16LLBB,19.6,5.78,6.0,,,,1.94,1.25,,
AISC,2L,2L6X3-1/2X5/16X3/8LLBB,19.6,5.78,6.0,,,,1.94,1.37,,
AISC,2L,2L6X3-1/2X5/16X3/4LLBB,19.6,5.78,6.0,,,,1.94,1.5,,
AISC,2L,2L5X3-1/2X3/4LLBB,39.6,11.7,5.0,,,,1.55,1.39,,
AISC,2L,2L5X3-1/2X3/4X3/8LLBB,39.6,11.7,5.0,,,,1.55,1.53,,
AISC,2L,2L5X3-1/2X3/4X3/4LLBB,39.6,11.7,5.0,,,,1.55,1.68,,
AISC,2L,2L5X3-1/2X5/8LLBB,33.6,9.86,5.0,,,,1.56,1.37,,
AISC,2L,2L5X3-1/2X5/8X3/8LLBB,33.6,9.86,5.0,,,,1.56,1.5,,
AISC,2L,2L5X3-1/2X5/8X3/4LLBB,33.6,9.86,5.0,,,,1.56,1.65,,
AISC,2L,2L5X3-1/2X1/2LLBB,27.2,8.0,5.0,,,,1.58,1.35,,
AISC,2L,2L5X3-1/2X1/2X3/8LLBB,27.2,8.0,5.0,,,,1.58,1.48,,
AISC,2L,2L5X3-1/2X1/2X3/4LLBB,27.2,8.0,5.0,,,,1.58,1.62,,
AISC,2L,2L5X3-1/2X3/8LLBB,20.8,6.1,5.0,,,,1.59,1.33,,
AISC,2L,2L5X3-1/2X3/8X3/8LLBB,20.8,6.1,5.0,,,,1.59,1.46,,
AISC,2L,2L5X3-1/2X3/8X3/4LLBB,20.8,6.1,5.0,,,,1.59,1.59,,
AISC,2L,2L5X3-1/2X5/16LLBB,17.4,5.12,5.0,,,,1.6,1.32,,
AISC,2L,2L5X3-1/2X5/16X3/8LLBB,17.4,5.12,5.0,,,,1.6,1.44,,
AISC,2L,2L5X3-1/2X5/16X3/4LLBB,17.4,5.12,5.0,,,,1.6,1.58,,
AISC,2L,2L5X3-1/2X1/4LLBB,14.0,4.14,5.0,,,,1.61,1.31,,
AISC,2L,2L5X3-1/2X1/4X3/8LLBB,14.0,4.14,5.0,,,,1.61,1.43,,
AISC,2L,2L5X3-1/2X1/4X3/4LLBB,14.0,4.14,5.0,,,,1.61,1.57,,
AISC,2L,2L5X3X1/2LLBB,25.6,7.5,5.0,,,,1.58,1.11,,
AISC,2L,2L5X3X1/2X3/8LLBB,25.6,7.5,5.0,,,,1.58,1.24,,
AISC,2L,2L5X3X1/2X3/4LLBB,25.6,7.5,5.0,,,,1.58,1.39,,
AISC,2L,2L5X3X7/16LLBB,22.6,6.62,5.0,,,,1.59,1.1,,
AISC,2L,2L5X3X7/16X3/8LLBB,22.6,6.62,5.0,,,,1.59,1.23,,
AISC,2L,2L5X3X7/16X3/4LLBB,22.6,6.62,5.0,,,,1.59,1.38,,
AISC,2L,2L5X3X3/8LLBB,19.6,5.72,5.0,,,,1.6,1.09,,
AISC,2L,2L5X3X3/8X3/8LLBB,19.6,5.72,5.0,,,,1.6,1.22,,
AISC,2L,2L5X3X3/8X3/4LLBB,19.6,5.72,5.0,,,,1.6,1.36,,
AISC,2L,2L5X3X5/16LLBB,16.4,4.82,5.0,,,,1.61,1.08,,
AISC,2L,2L5X3X5/16X3/8LLBB,16.4,4.82,5.0,,,,1.61,1.21,,
AISC,2L,2L5X3X5/16X3/4LLBB,16.4,4.82,5.0,,,,1.61,1.35,,
AISC,2L,2L5X3X1/4LLBB,13.2,3.88,5.0,,,,1.62,1.07,,
AISC,2L,2L5X3X1/4X3/8LLBB,13.2,3.88,5.0,,,,1.62,1.19,,
AISC,2L,2L5X3X1/4X3/4LLBB,13.2,3.88,5.0,,,,1.62,1.33,,
AISC,2L,2L4X3-1/2X1/2LLBB,23.8,7.0,4.0,,,,1.23,1.44,,
AISC,2L,2L4X3-1/2X1/2X3/8LLBB,23.8,7.0,4.0,,,,1.23,1.57,,
AISC,2L,2L4X3-1/2X1/2X3/4LLBB,23.8,7.0,4.0,,,,1.23,1.72,,
AISC,2L,2L4X3-1/2X3/8LLBB,18.2,5.36,4.0,,,,1.25,1.42,,
AISC,2L,2L4X3-1/2X3/8X3/8LLBB,18.2,5.36,4.0,,,,1.25,1.55,,
AISC,2L,2L4X3-1/2X3/8X3/4LLBB,18.2,5.36,4.0,,,,1.25,1.69,,
AISC,2L,2L4X3-1/2X5/16LLBB,15.4,4.5,4.0,,,,1.25,1.4,,
AISC,2L,2L4X3-1/2X5/16X3/8LLBB,15.4,4.5,4.0,,,,1.25,1.53,,
AISC,2L,2L4X3-1/2X5/16X3/4LLBB,15.4,4.5,4.0,,,,1.25,1.68,,
AISC,2L,2L4X3-1/2X1/4LLBB,12.4,3.64,4.0,,,,1.26,1.39,,
AISC,2L,2L4X3-1/2X1/4X3/8LLBB,12.4,3.64,4.0,,,,1.26,1.52,,
AISC,2L,2L4X3-1/2X1/4X3/4LLBB,12.4,3.64,4.0,,,,1.26,1.66,,
AISC,2L,2L4X3X5/8LLBB,27.2,7.98,4.0,,,,1.23,1.21,,
AISC,2L,2L4X3X5/8X3/8LLBB,27.2,7.98,4.0,,,,1.23,1.35,,
AISC,2L,2L4X3X5/8X3/4LLBB,27.2,7.98,4.0,,,,1.23,1.5,,
AISC,2L,2L4X3X1/2LLBB,22.2,6.5,4.0,,,,1.24,1.19,,
AISC,2L,2L4X3X1/2X3/8LLBB,22.2,6.5,4.0,,,,1.24,1.32,,
AISC,2L,2L4X3X1/2X3/4LLBB,22.2,6.5,4.0,,,,1.24,1.47,,
AISC,2L,2L4X3X3/8LLBB,17.0,4.98,4.0,,,,1.26,1.17,,
AISC,2L,2L4X3X3/8X3/8LLBB,17.0,4.98,4.0,,,,1.26,1.3,,
AISC,2L,2L4X3X3/8X3/4LLBB,17.0,4.98,4.0,,,,1.26,1.44,,
AISC,2L,2L4X3X5/16LLBB,14.4,4.18,4.0,,,,1.27,1.16,,
AISC,2L,2L4X3X5/16X3/8LLBB,14.4,4.18,4.0,,,,1.27,1.29,,
AISC,2L,2L4X3X5/16X3/4LLBB,14.4,4.18,4.0,,,,1.27,1.43,,
AISC,2L,2L4X3X1/4LLBB,11.6,3.38,4.0,,,,1.27,1.15,,
AISC,2L,2L4X3X1/4X3/8LLBB,11.6,3.38,4.0,,,,1.27,1.27,,
AISC,2L,2L4X3X1/4X3/4LLBB,11.6,3.38,4.0,,,,1.27,1.41,,
AISC,2L,2L3-1/2X3X1/2LLBB,20.4,6.04,3.5,,,,1.07,1.23,,
AISC,2L,2L3-1/2X3X1/2X3/8LLBB,20.4,6.04,3.5,,,,1.07,1.37,,
AISC,2L,2L3-1/2X3X1/2X3/4LLBB,20.4,6.04,3.5,,,,1.07,1.52,,
AISC,2L,2L3-1/2X3X7/16LLBB,18.2,5.34,3.5,,,,1.08,1.22,,
AISC,2L,2L3-1/2X3X7/16X3/8LLBB,18.2,5.34,3.5,,,,1.08,1.36,,
AISC,2L,2L3-1/2X3X7/16X3/4LLBB,18.2,5.34,3.5,,,,1.08,1.51,,
AISC,2L,2L3-1/2X3X3/8LLBB,15.8,4.64,3.5,,,,1.09,1.21,,
AISC,2L,2L3-1/2X3X3/8X3/8LLBB,15.8,4.64,3.5,,,,1.09,1.35,,
AISC,2L,2L3-1/2X3X3/8X3/4LLBB,15.8,4.64,3.5,,,,1.09,1.49,,
AISC,2L,2L3-1/2X3X5/16LLBB,13.2,3.9,3.5,,,,1.09,1.2,,
AISC,2L,2L3-1/2X3X5/16X3/8LLBB,13.2,3.9,3.5,,,,1.09,1.33,,
AISC,2L,2L3-1/2X3X5/16X3/4LLBB,13.2,3.9,3.5,,,,1.09,1.48,,
AISC,2L,2L3-1/2X3X1/4LLBB,10.8,3.16,3.5,,,,1.1,1.19,,
AISC,2L,2L3-1/2X3X1/4X3/8LLBB,10.8,3.16,3.5,,,,1.1,1.32,,
AISC,2L,2L3-1/2X3X1/4X3/4LLBB,10.8,3.16,3.5,,,,1.1,1.46,,
AISC,2L,2L3-1/2X2-1/2X1/2LLBB,18.8,5.54,3.5,,,,1.08,0.992,,
AISC,2L,2L3-1/2X2-1/2X1/2X3/8LLBB,18.8,5.54,3.5,,,,1.08,1.13,,
AISC,2L,2L3-1/2X2-1/2X1/2X3/4LLBB,18.8,5.54,3.5,,,,1.08,1.28,,
AISC,2L,2L3-1/2X2-1/2X3/8LLBB,14.4,4.24,3.5,,,,1.1,0.97,,
AISC,2L,2L3-1/2X2-1/2X3/8X3/8LLBB,14.4,4.24,3.5,,,,1.1,1.11,,
AISC,2L,2L3-1/2X2-1/2X3/8X3/4LLBB,14.4,4.24,3.5,,,,1.1,1.25,,
AISC,2L,2L3-1/2X2-1/2X5/16LLBB,12.2,3.58,3.5,,,,1.11,0.96,,
AISC,2L,2L3-1/2X2-1/2X5/16X3/8LLBB,12.2,3.58,3.5,,,,1.11,1.09,,
AISC,2L,2L3-1/2X2-1/2X5/16X3/4LLBB,12.2,3.58,3.5,,,,1.11,1.24,,
AISC,2L,2L3-1/2X2-1/2X1/4LLBB,9.8,2.9,3.5,,,,1.12,0.95,,
AISC,2L,2L3-1/2X2-1/2X1/4X3/8LLBB,9.8,2.9,3.5,,,,1.12,1.08,,
AISC,2L,2L3-1/2X2-1/2X1/4X3/4LLBB,9.8,2.9,3.5,,,,1.12,1.22,,
AISC,2L,2L3X2-1/2X1/2LLBB,17.0,5.0,3.0,,,,0.91,1.04,,
AISC,2L,2L3X2-1/2X1/2X3/8LLBB,17.0,5.0,3.0,,,,0.91,1.18,,
AISC,2L,2L3X2-1/2X1/2X3/4LLBB,17.0,5.0,3.0,,,,0.91,1.33,,
AISC,2L,2L3X2-1/2X7/16LLBB,15.2,4.44,3.0,,,,0.917,1.02,,
AISC,2L,2L3X2-1/2X7/16X3/8LLBB,15.2,4.44,3.0,,,,0.917,1.16,,
AISC,2L,2L3X2-1/2X7/16X3/4LLBB,15.2,4.44,3.0,,,,0.917,1.32,,
AISC,2L,2L3X2-1/2X3/8LLBB,13.2,3.86,3.0,,,,0.924,1.01,,
AISC,2L,2L3X2-1/2X3/8X3/8LLBB,13.2,3.86,3.0,,,,0.924,1.15,,
AISC,2L,2L3X2-1/2X3/8X3/4LLBB,13.2,3.86,3.0,,,,0.924,1.3,,
AISC,2L,2L3X2-1/2X5/16LLBB,11.2,3.26,3.0,,,,0.932,1.0,,
AISC,2L,2L3X2-1/2X5/16X3/8LLBB,11.2,3.26,3.0,,,,0.932,1.14,,
AISC,2L,2L3X2-1/2X5/16X3/4LLBB,11.2,3.26,3.0,,,,0.932,1.29,,
AISC,2L,2L3X2-1/2X1/4LLBB,9.0,2.64,3.0,,,,0.94,0.991,,
AISC,2L,2L3X2-1/2X1/4X3/8LLBB,9.0,2.64,3.0,,,,0.94,1.12,,
AISC,2L,2L3X2-1/2X1/4X3/4LLBB,9.0,2.64,3.0,,,,0.94,1.27,,
AISC,2L,2L3X2-1/2X3/16LLBB,6.78,2.0,3.0,,,,0.947,0.98,,
AISC,2L,2L3X2-1/2X3/16X3/8LLBB,6.78,2.0,3.0,,,,0.947,1.11,,
AISC,2L,2L3X2-1/2X3/16X3/4LLBB,6.78,2.0,3.0,,,,0.947,1.25,,
AISC,2L,2L3X2X1/2LLBB,15.4,4.52,3.0,,,,0.922,0.795,,
AISC,2L,2L3X2X1/2X3/8LLBB,15.4,4.52,3.0,,,,0.922,0.94,,
AISC,2L,2L3X2X1/2X3/4LLBB,15.4,4.52,3.0,,,,0.922,1.1,,
AISC,2L,2L3X2X3/8LLBB,11.8,3.5,3.0,,,,0.937,0.771,,
AISC,2L,2L3X2X3/8X3/8LLBB,11.8,3.5,3.0,,,,0.937,0.911,,
AISC,2L,2L3X2X3/8X3/4LLBB,11.8,3.5,3.0,,,,0.937,1.07,,
AISC,2L,2L3X2X5/16LLBB,10.0,2.96,3.0,,,,0.945,0.76,,
AISC,2L,2L3X2X5/16X3/8LLBB,10.0,2.96,3.0,,,,0.945,0.897,,
AISC,2L,2L3X2X5/16X3/4LLBB,10.0,2.96,3.0,,,,0.945,1.05,,
AISC,2L,2L3X2X1/4LLBB,8.2,2.4,3.0,,,,0.953,0.749,,
AISC,2L,2L3X2X1/4X3/8LLBB,8.2,2.4,3.0,,,,0.953,0.883,,
AISC,2L,2L3X2X1/4X3/4LLBB,8.2,2.4,3.0,,,,0.953,1.03,,
AISC,2L,2L3X2X3/16LLBB,6.14,1.83,3.0,,,,0.961,0.739,,
AISC,2L,2L3X2X3/16X3/8LLBB,6.14,1.83,3.0,,,,0.961,0.869,,
AISC,2L,2L3X2X3/16X3/4LLBB,6.14,1.83,3.0,,,,0.961,1.02,,
AISC,2L,2L2-1/2X2X3/8LLBB,10.6,3.1,2.5,,,,0.766,0.815,,
AISC,2L,2L2-1/2X2X3/8X3/8LLBB,10.6,3.1,2.5,,,,0.766,0.957,,
AISC,2L,2L2-1/2X2X3/8X3/4LLBB,10.6,3.1,2.5,,,,0.766,1.11,,
AISC,2L,2L2-1/2X2X5/16LLBB,9.0,2.64,2.5,,,,0.774,0.804,,
AISC,2L,2L2-1/2X2X5/16X3/8LLBB,9.0,2.64,2.5,,,,0.774,0.943,,
AISC,2L,2L2-1/2X2X5/16X3/4LLBB,9.0,2.64,2.5,,,,0.774,1.1,,
AISC,2L,2L2-1/2X2X1/4LLBB,7.24,2.14,2.5,,,,0.782,0.794,,
AISC,2L,2L2-1/2X2X1/4X3/8LLBB,7.24,2.14,2.5,,,,0.782,0.93,,
AISC,2L,2L2-1/2X2X1/4X3/4LLBB,7.24,2.14,2.5,,,,0.782,1.08,,
AISC,2L,2L2-1/2X2X3/16LLBB,5.5,1.64,2.5,,,,0.79,0.784,,
AISC,2L,2L2-1/2X2X3/16X3/8LLBB,5.5,1.64,2.5,,,,0.79,0.916,,
AISC,2L,2L2-1/2X2X3/16X3/4LLBB,5.5,1.64,2.5,,,,0.79,1.07,,
AISC,2L,2L2-1/2X1-1/2X1/4LLBB,6.38,1.89,2.5,,,,0.79,0.551,,
AISC,2L,2L2-1/2X1-1/2X1/4X3/8LLBB,6.38,1.89,2.5,,,,0.79,0.691,,
AISC,2L,2L2-1/2X1-1/2X1/4X3/4LLBB,6.38,1.89,2.5,,,,0.79,0.85,,
AISC,2L,2L2-1/2X1-1/2X3/16LLBB,4.88,1.45,2.5,,,,0.8,0.541,,
AISC,2L,2L2-1/2X1-1/2X3/16X3/8LLBB,4.88,1.45,2.5,,,,0.8,0.677,,
AISC,2L,2L2-1/2X1-1/2X3/16X3/4LLBB,4.88,1.45,2.5,,,,0.8,0.833,,
AISC,2L,2L8X6X1SLBB,88.4,26.2,6.0,,,,1.72,3.63,,
AISC,2L,2L8X6X1X3/8SLBB,88.4,26.2,6.0,,,,1.72,3.77,,
AISC,2L,2L8X6X1X3/4SLBB,88.4,26.2,6.0,,,,1.72,3.91,,
AISC,2L,2L8X6X7/8SLBB,78.2,23.0,6.0,,,,1.74,3.61,,
AISC,2L,2L8X6X7/8X3/8SLBB,78.2,23.0,6.0,,,,1.74,3.75,,
AISC,2L,2L8X6X7/8X3/4SLBB,78.2,23.0,6.0,,,,1.74,3.89,,
AISC,2L,2L8X6X3/4SLBB,67.6,20.0,6.0,,,,1.75,3.59,,
AISC,2L,2L8X6X3/4X3/8SLBB,67.6,20.0,6.0,,,,1.75,3.72,,
AISC,2L,2L8X6X3/4X3/4SLBB,67.6,20.0,6.0,,,,1.75,3.86,,
AISC,2L,2L8X6X5/8SLBB,57.0,16.8,6.0,,,,1.77,3.57,,
AISC,2L,2L8X6X5/8X3/8SLBB,57.0,16.8,6.0,,,,1.77,3.7,,
AISC,2L,2L8X6X5/8X3/4SLBB,57.0,16.8,6.0,,,,1.77,3.84,,
AISC,2L,2L8X6X9/16SLBB,51.4,15.2,6.0,,,,1.78,3.55,,
AISC,2L,2L8X6X9/16X3/8SLBB,51.4,15.2,6.0,,,,1.78,3.69,,
AISC,2L,2L8X6X9/16X3/4SLBB,51.4,15.2,6.0,,,,1.78,3.83,,
AISC,2L,2L8X6X1/2SLBB,46.0,13.6,6.0,,,,1.79,3.54,,
AISC,2L,2L8X6X1/2X3/8SLBB,46.0,13.6,6.0,,,,1.79,3.68,,
AISC,2L,2L8X6X1/2X3/4SLBB,46.0,13.6,6.0,,,,1.79,3.81,,
AISC,2L,2L8X6X7/16SLBB,40.4,12.0,6.0,,,,1.8,3.53,,
AISC,2L,2L8X6X7/16X3/8SLBB,40.4,12.0,6.0,,,,1.8,3.66,,
AISC,2L,2L8X6X7/16X3/4SLBB,40.4,12.0,6.0,,,,1.8,3.8,,
AISC,2L,2L8X4X1SLBB,74.8,22.2,4.0,,,,1.03,3.94,,
AISC,2L,2L8X4X1X3/8SLBB,74.8,22.2,4.0,,,,1.03,4.08,,
AISC,2L,2L8X4X1X3/4SLBB,74.8,22.2,4.0,,,,1.03,4.23,,
AISC,2L,2L8X4X7/8SLBB,66.2,19.6,4.0,,,,1.04,3.91,,
AISC,2L,2L8X4X7/8X3/8SLBB,66.2,19.6,4.0,,,,1.04,4.06,,
AISC,2L,2L8X4X7/8X3/4SLBB,66.2,19.6,4.0,,,,1.04,4.21,,
AISC,2L,2L8X4X3/4SLBB,57.4,17.0,4.0,,,,1.05,3.89,,
AISC,2L,2L8X4X3/4X3/8SLBB,57.4,17.0,4.0,,,,1.05,4.03,,
AISC,2L,2L8X4X3/4X3/4SLBB,57.4,17.0,4.0,,,,1.05,4.18,,
AISC,2L,2L8X4X5/8SLBB,48.4,14.3,4.0,,,,1.06,3.86,,
AISC,2L,2L8X4X5/8X3/8SLBB,48.4,14.3,4.0,,,,1.06,4.0,,
AISC,2L,2L8X4X5/8X3/4SLBB,48.4,14.3,4.0,,,,1.06,4.15,,
AISC,2L,2L8X4X9/16SLBB,43.8,13.0,4.0,,,,1.07,3.85,,
AISC,2L,2L8X4X9/16X3/8SLBB,43.8,13.0,4.0,,,,1.07,3.99,,
AISC,2L,2L8X4X9/16X3/4SLBB,43.8,13.0,4.0,,,,1.07,4.13,,
AISC,2L,2L8X4X1/2SLBB,39.2,11.6,4.0,,,,1.08,3.83,,
AISC,2L,2L8X4X1/2X3/8SLBB,39.2,11.6,4.0,,,,1.08,3.97,,
AISC,2L,2L8X4X1/2X3/4SLBB,39.2,11.6,4.0,,,,1.08,4.12,,
AISC,2L,2L8X4X7/16SLBB,34.4,10.2,4.0,,,,1.09,3.82,,
AISC,2L,2L8X4X7/16X3/8SLBB,34.4,10.2,4.0,,,,1.09,3.96,,
AISC,2L,2L8X4X7/16X3/4SLBB,34.4,10.2,4.0,,,,1.09,4.1,,
AISC,2L,2L7X4X3/4SLBB,52.4,15.5,4.0,,,,1.08,3.34,,
AISC,2L,2L7X4X3/4X3/8SLBB,52.4,15.5,4.0,,,,1.08,3.48,,
AISC,2L,2L7X4X3/4X3/4SLBB,52.4,15.5,4.0,,,,1.08,3.63,,
AISC,2L,2L7X4X5/8SLBB,44.2,13.0,4.0,,,,1.1,3.31,,
AISC,2L,2L7X4X5/8X3/8SLBB,44.2,13.0,4.0,,,,1.1,3.46,,
AISC,2L,2L7X4X5/8X3/4SLBB,44.2,13.0,4.0,,,,1.1,3.6,,
AISC,2L,2L7X4X1/2SLBB,35.8,10.5,4.0,,,,1.11,3.29,,
AISC,2L,2L7X4X1/2X3/8SLBB,35.8,10.5,4.0,,,,1.11,3.43,,
AISC,2L,2L7X4X1/2X3/4SLBB,35.8,10.5,4.0,,,,1.11,3.57,,
AISC,2L,2L7X4X7/16SLBB,31.4,9.26,4.0,,,,1.12,3.28,,
AISC,2L,2L7X4X7/16X3/8SLBB,31.4,9.26,4.0,,,,1.12,3.42,,
AISC,2L,2L7X4X7/16X3/4SLBB,31.4,9.26,4.0,,,,1.12,3.56,,
AISC,2L,2L7X4X3/8SLBB,27.2,8.0,4.0,,,,1.12,3.26,,
AISC,2L,2L7X4X3/8X3/8SLBB,27.2,8.0,4.0,,,,1.12,3.4,,
AISC,2L,2L7X4X3/8X3/4SLBB,27.2,8.0,4.0,,,,1.12,3.54,,
AISC,2L,2L6X4X7/8SLBB,54.4,16.0,4.0,,,,1.1,2.82,,
AISC,2L,2L6X4X7/8X3/8SLBB,54.4,16.0,4.0,,,,1.1,2.96,,
AISC,2L,2L6X4X7/8X3/4SLBB,54.4,16.0,4.0,,,,1.1,3.11,,
AISC,2L,2L6X4X3/4SLBB,47.2,13.9,4.0,,,,1.12,2.8,,
AISC,2L,2L6X4X3/4X3/8SLBB,47.2,13.9,4.0,,,,1.12,2.94,,
AISC,2L,2L6X4X3/4X3/4SLBB,47.2,13.9,4.0,,,,1.12,3.08,,
AISC,2L,2L6X4X5/8SLBB,40.0,11.7,4.0,,,,1.13,2.77,,
AISC,2L,2L6X4X5/8X3/8SLBB,40.0,11.7,4.0,,,,1.13,2.91,,
AISC,2L,2L6X4X5/8X3/4SLBB,40.0,11.7,4.0,,,,1.13,3.06,,
AISC,2L,2L6X4X9/16SLBB,36.2,10.6,4.0,,,,1.14,2.76,,
AISC,2L,2L6X4X9/16X3/8SLBB,36.2,10.6,4.0,,,,1.14,2.9,,
AISC,2L,2L6X4X9/16X3/4SLBB,36.2,10.6,4.0,,,,1.14,3.04,,
AISC,2L,2L6X4X1/2SLBB,32.4,9.5,4.0,,,,1.14,2.75,,
AISC,2L,2L6X4X1/2X3/8SLBB,32.4,9.5,4.0,,,,1.14,2.89,,
AISC,2L,2L6X4X1/2X3/4SLBB,32.4,9.5,4.0,,,,1.14,3.03,,
AISC,2L,2L6X4X7/16SLBB,28.6,8.36,4.0,,,,1.15,2.74,,
AISC,2L,2L6X4X7/16X3/8SLBB,28.6,8.36,4.0,,,,1.15,2.88,,
AISC,2L,2L6X4X7/16X3/4SLBB,28.6,8.36,4.0,,,,1.15,3.02,,
AISC,2L,2L6X4X3/8SLBB,24.6,7.22,4.0,,,,1.16,2.73,,
AISC,2L,2L6X4X3/8X3/8SLBB,24.6,7.22,4.0,,,,1.16,2.86,,
AISC,2L,2L6X4X3/8X3/4SLBB,24.6,7.22,4.0,,,,1.16,3.0,,
AISC,2L,2L6X4X5/16SLBB,20.6,6.06,4.0,,,,1.17,2.72,,
AISC,2L,2L6X4X5/16X3/8SLBB,20.6,6.06,4.0,,,,1.17,2.85,,
AISC,2L,2L6X4X5/16X3/4SLBB,20.6,6.06,4.0,,,,1.17,2.99,,
AISC,2L,2L6X3-1/2X1/2SLBB,30.6,9.0,3.5,,,,0.968,2.82,,
AISC,2L,2L6X3-1/2X1/2X3/8SLBB,30.6,9.0,3.5,,,,0.968,2.96,,
AISC,2L,2L6X3-1/2X1/2X3/4SLBB,30.6,9.0,3.5,,,,0.968,3.11,,
AISC,2L,2L6X3-1/2X3/8SLBB,23.4,6.88,3.5,,,,0.984,2.8,,
AISC,2L,2L6X3-1/2X3/8X3/8SLBB,23.4,6.88,3.5,,,,0.984,2.94,,
AISC,2L,2L6X3-1/2X3/8X3/4SLBB,23.4,6.88,3.5,,,,0.984,3.08,,
AISC,2L,2L6X3-1/2X5/16SLBB,19.6,5.78,3.5,,,,0.991,2.78,,
AISC,2L,2L6X3-1/2X5/16X3/8SLBB,19.6,5.78,3.5,,,,0.991,2.92,,
AISC,2L,2L6X3-1/2X5/16X3/4SLBB,19.6,5.78,3.5,,,,0.991,3.06,,
AISC,2L,2L5X3-1/2X3/4SLBB,39.6,11.7,3.5,,,,0.974,2.33,,
AISC,2L,2L5X3-1/2X3/4X3/8SLBB,39.6,11.7,3.5,,,,0.974,2.47,,
AISC,2L,2L5X3-1/2X3/4X3/4SLBB,39.6,11.7,3.5,,,,0.974,2.62,,
AISC,2L,2L5X3-1/2X5/8SLBB,33.6,9.86,3.5,,,,0.987,2.3,,
AISC,2L,2L5X3-1/2X5/8X3/8SLBB,33.6,9.86,3.5,,,,0.987,2.45,,
AISC,2L,2L5X3-1/2X5/8X3/4SLBB,33.6,9.86,3.5,,,,0.987,2.59,,
AISC,2L,2L5X3-1/2X1/2SLBB,27.2,8.0,3.5,,,,1.0,2.28,,
AISC,2L,2L5X3-1/2X1/2X3/8SLBB,27.2,8.0,3.5,,,,1.0,2.42,,
AISC,2L,2L5X3-1/2X1/2X3/4SLBB,27.2,8.0,3.5,,,,1.0,2.57,,
AISC,2L,2L5X3-1/2X3/8SLBB,20.8,6.1,3.5,,,,1.02,2.26,,
AISC,2L,2L5X3-1/2X3/8X3/8SLBB,20.8,6.1,3.5,,,,1.02,2.39,,
AISC,2L,2L5X3-1/2X3/8X3/4SLBB,20.8,6.1,3.5,,,,1.02,2.54,,
AISC,2L,2L5X3-1/2X5/16SLBB,17.4,5.12,3.5,,,,1.02,2.25,,
AISC,2L,2L5X3-1/2X5/16X3/8SLBB,17.4,5.12,3.5,,,,1.02,2.38,,
AISC,2L,2L5X3-1/2X5/16X3/4SLBB,17.4,5.12,3.5,,,,1.02,2.52,,
AISC,2L,2L5X3-1/2X1/4SLBB,14.0,4.14,3.5,,,,1.03,2.23,,
AISC,2L,2L5X3-1/2X1/4X3/8SLBB,14.0,4.14,3.5,,,,1.03,2.37,,
AISC,2L,2L5X3-1/2X1/4X3/4SLBB,14.0,4.14,3.5,,,,1.03,2.51,,
AISC,2L,2L5X3X1/2SLBB,25.6,7.5,3.0,,,,0.8240000000000001,2.35,,
AISC,2L,2L5X3X1/2X3/8SLBB,25.6,7.5,3.0,,,,0.8240000000000001,2.5,,
AISC,2L,2L5X3X1/2X3/4SLBB,25.6,7.5,3.0,,,,0.8240000000000001,2.64,,
AISC,2L,2L5X3X7/16SLBB,22.6,6.62,3.0,,,,0.8310000000000001,2.34,,
AISC,2L,2L5X3X7/16X3/8SLBB,22.6,6.62,3.0,,,,0.8310000000000001,2.48,,
AISC,2L,2L5X3X7/16X3/4SLBB,22.6,6.62,3.0,,,,0.8310000000000001,2.63,,
AISC,2L,2L5X3X3/8SLBB,19.6,5.72,3.0,,,,0.838,2.33,,
AISC,2L,2L5X3X3/8X3/8SLBB,19.6,5.72,3.0,,,,0.838,2.47,,
AISC,2L,2L5X3X3/8X3/4SLBB,19.6,5.72,3.0,,,,0.838,2.62,,
AISC,2L,2L5X3X5/16SLBB,16.4,4.82,3.0,,,,0.846,2.32,,
AISC,2L,2L5X3X5/16X3/8SLBB,16.4,4.82,3.0,,,,0.846,2.46,,
AISC,2L,2L5X3X5/16X3/4SLBB,16.4,4.82,3.0,,,,0.846,2.6,,
AISC,2L,2L5X3X1/4SLBB,13.2,3.88,3.0,,,,0.853,2.3,,
AISC,2L,2L5X3X1/4X3/8SLBB,13.2,3.88,3.0,,,,0.853,2.44,,
AISC,2L,2L5X3X1/4X3/4SLBB,13.2,3.88,3.0,,,,0.853,2.58,,
AISC,2L,2L4X3-1/2X1/2SLBB,23.8,7.0,3.5,,,,1.04,1.75,,
AISC,2L,2L4X3-1/2X1/2X3/8SLBB,23.8,7.0,3.5,,,,1.04,1.89,,
AISC,2L,2L4X3-1/2X1/2X3/4SLBB,23.8,7.0,3.5,,,,1.04,2.03,,
AISC,2L,2L4X3-1/2X3/8SLBB,18.2,5.36,3.5,,,,1.05,1.73,,
AISC,2L,2L4X3-1/2X3/8X3/8SLBB,18.2,5.36,3.5,,,,1.05,1.86,,
AISC,2L,2L4X3-1/2X3/8X3/4SLBB,18.2,5.36,3.5,,,,1.05,2.0,,
AISC,2L,2L4X3-1/2X5/16SLBB,15.4,4.5,3.5,,,,1.06,1.72,,
AISC,2L,2L4X3-1/2X5/16X3/8SLBB,15.4,4.5,3.5,,,,1.06,1.85,,
AISC,2L,2L4X3-1/2X5/16X3/4SLBB,15.4,4.5,3.5,,,,1.06,1.99,,
AISC,2L,2L4X3-1/2X1/4SLBB,12.4,3.64,3.5,,,,1.07,1.7,,
AISC,2L,2L4X3-1/2X1/4X3/8SLBB,12.4,3.64,3.5,,,,1.07,1.83,,
AISC,2L,2L4X3-1/2X1/4X3/4SLBB,12.4,3.64,3.5,,,,1.07,1.97,,
AISC,2L,2L4X3X5/8SLBB,27.2,7.98,3.0,,,,0.845,1.84,,
AISC,2L,2L4X3X5/8X3/8SLBB,27.2,7.98,3.0,,,,0.845,1.98,,
AISC,2L,2L4X3X5/8X3/4SLBB,27.2,7.98,3.0,,,,0.845,2.13,,
AISC,2L,2L4X3X1/2SLBB,22.2,6.5,3.0,,,,0.858,1.81,,
AISC,2L,2L4X3X1/2X3/8SLBB,22.2,6.5,3.0,,,,0.858,1.95,,
AISC,2L,2L4X3X1/2X3/4SLBB,22.2,6.5,3.0,,,,0.858,2.1,,
AISC,2L,2L4X3X3/8SLBB,17.0,4.98,3.0,,,,0.873,1.79,,
AISC,2L,2L4X3X3/8X3/8SLBB,17.0,4.98,3.0,,,,0.873,1.93,,
AISC,2L,2L4X3X3/8X3/4SLBB,17.0,4.98,3.0,,,,0.873,2.07,,
AISC,2L,2L4X3X5/16SLBB,14.4,4.18,3.0,,,,0.88,1.78,,
AISC,2L,2L4X3X5/16X3/8SLBB,14.4,4.18,3.0,,,,0.88,1.91,,
AISC,2L,2L4X3X5/16X3/4SLBB,14.4,4.18,3.0,,,,0.88,2.06,,
AISC,2L,2L4X3X1/4SLBB,11.6,3.38,3.0,,,,0.887,1.76,,
AISC,2L,2L4X3X1/4X3/8SLBB,11.6,3.38,3.0,,,,0.887,1.9,,
AISC,2L,2L4X3X1/4X3/4SLBB,11.6,3.38,3.0,,,,0.887,2.04,,
AISC,2L,2L3-1/2X3X1/2SLBB,20.4,6.04,3.0,,,,0.877,1.55,,
AISC,2L,2L3-1/2X3X1/2X3/8SLBB,20.4,6.04,3.0,,,,0.877,1.69,,
AISC,2L,2L3-1/2X3X1/2X3/4SLBB,20.4,6.04,3.0,,,,0.877,1.84,,
AISC,2L,2L3-1/2X3X7/16SLBB,18.2,5.34,3.0,,,,0.885,1.54,,
AISC,2L,2L3-1/2X3X7/16X3/8SLBB,18.2,5.34,3.0,,,,0.885,1.67,,
AISC,2L,2L3-1/2X3X7/16X3/4SLBB,18.2,5.34,3.0,,,,0.885,1.82,,
AISC,2L,2L3-1/2X3X3/8SLBB,15.8,4.64,3.0,,,,0.892,1.52,,
AISC,2L,2L3-1/2X3X3/8X3/8SLBB,15.8,4.64,3.0,,,,0.892,1.66,,
AISC,2L,2L3-1/2X3X3/8X3/4SLBB,15.8,4.64,3.0,,,,0.892,1.81,,
AISC,2L,2L3-1/2X3X5/16SLBB,13.2,3.9,3.0,,,,0.9,1.51,,
AISC,2L,2L3-1/2X3X5/16X3/8SLBB,13.2,3.9,3.0,,,,0.9,1.65,,
AISC,2L,2L3-1/2X3X5/16X3/4SLBB,13.2,3.9,3.0,,,,0.9,1.79,,
AISC,2L,2L3-1/2X3X1/4SLBB,10.8,3.16,3.0,,,,0.908,1.5,,
AISC,2L,2L3-1/2X3X1/4X3/8SLBB,10.8,3.16,3.0,,,,0.908,1.63,,
AISC,2L,2L3-1/2X3X1/4X3/4SLBB,10.8,3.16,3.0,,,,0.908,1.78,,
AISC,2L,2L3-1/2X2-1/2X1/2SLBB,18.8,5.54,2.5,,,,0.7010000000000001,1.62,,
AISC,2L,2L3-1/2X2-1/2X1/2X3/8SLBB,18.8,5.54,2.5,,,,0.7010000000000001,1.76,,
AISC,2L,2L3-1/2X2-1/2X1/2X3/4SLBB,18.8,5.54,2.5,,,,0.7010000000000001,1.91,,
AISC,2L,2L3-1/2X2-1/2X3/8SLBB,14.4,4.24,2.5,,,,0.716,1.59,,
AISC,2L,2L3-1/2X2-1/2X3/8X3/8SLBB,14.4,4.24,2.5,,,,0.716,1.73,,
AISC,2L,2L3-1/2X2-1/2X3/8X3/4SLBB,14.4,4.24,2.5,,,,0.716,1.88,,
AISC,2L,2L3-1/2X2-1/2X5/16SLBB,12.2,3.58,2.5,,,,0.723,1.58,,
AISC,2L,2L3-1/2X2-1/2X5/16X3/8SLBB,12.2,3.58,2.5,,,,0.723,1.72,,
AISC,2L,2L3-1/2X2-1/2X5/16X3/4SLBB,12.2,3.58,2.5,,,,0.723,1.87,,
AISC,2L,2L3-1/2X2-1/2X1/4SLBB,9.8,2.9,2.5,,,,0.731,1.57,,
AISC,2L,2L3-1/2X2-1/2X1/4X3/8SLBB,9.8,2.9,2.5,,,,0.731,1.7,,
AISC,2L,2L3-1/2X2-1/2X1/4X3/4SLBB,9.8,2.9,2.5,,,,0.731,1.85,,
AISC,2L,2L3X2-1/2X1/2SLBB,17.0,5.0,2.5,,,,0.718,1.35,,
AISC,2L,2L3X2-1/2X1/2X3/8SLBB,17.0,5.0,2.5,,,,0.718,1.49,,
AISC,2L,2L3X2-1/2X1/2X3/4SLBB,17.0,5.0,2.5,,,,0.718,1.64,,
AISC,2L,2L3X2-1/2X7/16SLBB,15.2,4.44,2.5,,,,0.724,1.34,,
AISC,2L,2L3X2-1/2X7/16X3/8SLBB,15.2,4.44,2.5,,,,0.724,1.48,,
AISC,2L,2L3X2-1/2X7/16X3/4SLBB,15.2,4.44,2.5,,,,0.724,1.63,,
AISC,2L,2L3X2-1/2X3/8SLBB,13.2,3.86,2.5,,,,0.731,1.32,,
AISC,2L,2L3X2-1/2X3/8X3/8SLBB,13.2,3.86,2.5,,,,0.731,1.46,,
AISC,2L,2L3X2-1/2X3/8X3/4SLBB,13.2,3.86,2.5,,,,0.731,1.61,,
AISC,2L,2L3X2-1/2X5/16SLBB,11.2,3.26,2.5,,,,0.739,1.31,,
AISC,2L,2L3X2-1/2X5/16X3/8SLBB,11.2,3.26,2.5,,,,0.739,1.45,,
AISC,2L,2L3X2-1/2X5/16X3/4SLBB,11.2,3.26,2.5,,,,0.739,1.6,,
AISC,2L,2L3X2-1/2X1/4SLBB,9.0,2.64,2.5,,,,0.746,1.3,,
AISC,2L,2L3X2-1/2X1/4X3/8SLBB,9.0,2.64,2.5,,,,0.746,1.44,,
AISC,2L,2L3X2-1/2X1/4X3/4SLBB,9.0,2.64,2.5,,,,0.746,1.58,,
AISC,2L,2L3X2-1/2X3/16SLBB,6.78,2.0,2.5,,,,0.753,1.29,,
AISC,2L,2L3X2-1/2X3/16X3/8SLBB,6.78,2.0,2.5,,,,0.753,1.42,,
AISC,2L,2L3X2-1/2X3/16X3/4SLBB,6.78,2.0,2.5,,,,0.753,1.57,,
AISC,2L,2L3X2X1/2SLBB,15.4,4.52,2.0,,,,0.543,1.42,,
AISC,2L,2L3X2X1/2X3/8SLBB,15.4,4.52,2.0,,,,0.543,1.56,,
AISC,2L,2L3X2X1/2X3/4SLBB,15.4,4.52,2.0,,,,0.543,1.72,,
AISC,2L,2L3X2X3/8SLBB,11.8,3.5,2.0,,,,0.555,1.39,,
AISC,2L,2L3X2X3/8X3/8SLBB,11.8,3.5,2.0,,,,0.555,1.54,,
AISC,2L,2L3X2X3/8X3/4SLBB,11.8,3.5,2.0,,,,0.555,1.69,,
AISC,2L,2L3X2X5/16SLBB,10.0,2.96,2.0,,,,0.562,1.38,,
AISC,2L,2L3X2X5/16X3/8SLBB,10.0,2.96,2.0,,,,0.562,1.52,,
AISC,2L,2L3X2X5/16X3/4SLBB,10.0,2.96,2.0,,,,0.562,1.67,,
AISC,2L,2L3X2X1/4SLBB,8.2,2.4,2.0,,,,0.5690000000000001,1.37,,
AISC,2L,2L3X2X1/4X3/8SLBB,8.2,2.4,2.0,,,,0.5690000000000001,1.51,,
AISC,2L,2L3X2X1/4X3/4SLBB,8.2,2.4,2.0,,,,0.5690000000000001,1.66,,
AISC,2L,2L3X2X3/16SLBB,6.14,1.83,2.0,,,,0.577,1.35,,
AISC,2L,2L3X2X3/16X3/8SLBB,6.14,1.83,2.0,,,,0.577,1.49,,
AISC,2L,2L3X2X3/16X3/4SLBB,6.14,1.83,2.0,,,,0.577,1.64,,
AISC,2L,2L2-1/2X2X3/8SLBB,10.6,3.1,2.0,,,,0.5740000000000001,1.13,,
AISC,2L,2L2-1/2X2X3/8X3/8SLBB,10.6,3.1,2.0,,,,0.5740000000000001,1.27,,
AISC,2L,2L2-1/2X2X3/8X3/4SLBB,10.6,3.1,2.0,,,,0.5740000000000001,1.42,,
AISC,2L,2L2-1/2X2X5/16SLBB,9.0,2.64,2.0,,,,0.581,1.12,,
AISC,2L,2L2-1/2X2X5/16X3/8SLBB,9.0,2.64,2.0,,,,0.581,1.26,,
AISC,2L,2L2-1/2X2X5/16X3/4SLBB,9.0,2.64,2.0,,,,0.581,1.41,,
AISC,2L,2L2-1/2X2X1/4SLBB,7.24,2.14,2.0,,,,0.589,1.1,,
AISC,2L,2L2-1/2X2X1/4X3/8SLBB,7.24,2.14,2.0,,,,0.589,1.24,,
AISC,2L,2L2-1/2X2X1/4X3/4SLBB,7.24,2.14,2.0,,,,0.589,1.39,,
AISC,2L,2L2-1/2X2X3/16SLBB,5.5,1.64,2.0,,,,0.597,1.09,,
AISC,2L,2L2-1/2X2X3/16X3/8SLBB,5.5,1.64,2.0,,,,0.597,1.23,,
AISC,2L,2L2-1/2X2X3/16X3/4SLBB,5.5,1.64,2.0,,,,0.597,1.38,,
AISC,2L,2L2-1/2X1-1/2X1/4SLBB,6.38,1.89,1.5,,,,0.409,1.17,,
AISC,2L,2L2-1/2X1-1/2X1/4X3/8SLBB,6.38,1.89,1.5,,,,0.409,1.32,,
AISC,2L,2L2-1/2X1-1/2X1/4X3/4SLBB,6.38,1.89,1.5,,,,0.409,1.47,,
AISC,2L,2L2-1/2X1-1/2X3/16SLBB,4.88,1.45,1.5,,,,0.416,1.16,,
AISC,2L,2L2-1/2X1-1/2X3/16X3/8SLBB,4.88,1.45,1.5,,,,0.416,1.3,,
AISC,2L,2L2-1/2X1-1/2X3/16X3/4SLBB,4.88,1.45,1.5,,,,0.416,1.46,,
AISC,HSS,HSS34X10X1,277.07,76.2,,,,,11.2,4.19,,
AISC,HSS,HSS34X10X7/8,244.88,67.3,,,,,11.3,4.24,,
AISC,HSS,HSS34X10X3/4,212.0,58.2,,,,,11.4,4.29,,
AISC,HSS,HSS34X10X5/8,178.41,48.9,,,,,11.5,4.35,,
AISC,HSS,HSS30X10X1,249.85,68.7,,,,,10.0,4.15,,
AISC,HSS,HSS30X10X7/8,221.06,60.8,,,,,10.1,4.2,,
AISC,HSS,HSS30X10X3/4,191.58,52.6,,,,,10.2,4.25,,
AISC,HSS,HSS30X10X5/8,161.4,44.3,,,,,10.2,4.31,,
AISC,HSS,HSS30X10X1/2,130.52,35.8,,,,,10.3,4.36,,
AISC,HSS,HSS24X20X3/4,212.0,58.2,,,,,9.23,8.02,,
AISC,HSS,HSS24X20X5/8,178.41,48.9,,,,,9.29,8.08,,
AISC,HSS,HSS24X20X1/2,144.13,39.5,,,,,9.34,8.13,,
AISC,HSS,HSS24X20X3/8,109.15,29.9,,,,,9.4,8.19,,
AISC,HSS,HSS24X20X5/16,91.39,25.1,,,,,9.43,8.21,,
AISC,HSS,HSS24X18X3/4,201.79,55.4,,,,,9.09,7.29,,
AISC,HSS,HSS24X18X5/8,169.91,46.6,,,,,9.15,7.34,,
AISC,HSS,HSS24X18X1/2,137.32,37.6,,,,,9.21,7.39,,
AISC,HSS,HSS24X18X3/8,104.04,28.5,,,,,9.27,7.45,,
AISC,HSS,HSS24X18X5/16,87.14,23.9,,,,,9.3,7.47,,
AISC,HSS,HSS24X16X3/4,191.58,52.6,,,,,8.93,6.53,,
AISC,HSS,HSS24X16X5/8,161.4,44.3,,,,,8.99,6.59,,
AISC,HSS,HSS24X16X1/2,130.52,35.8,,,,,9.05,6.64,,
AISC,HSS,HSS24X16X3/8,98.94,27.1,,,,,9.12,6.69,,
AISC,HSS,HSS24X16X5/16,82.88,22.7,,,,,9.15,6.72,,
AISC,HSS,HSS24X14X3/4,181.37,49.8,,,,,8.76,5.77,,
AISC,HSS,HSS24X14X5/8,152.89,41.9,,,,,8.82,5.82,,
AISC,HSS,HSS24X14X1/2,123.71,33.9,,,,,8.88,5.87,,
AISC,HSS,HSS24X14X3/8,93.83,25.7,,,,,8.94,5.92,,
AISC,HSS,HSS24X14X5/16,78.63,21.6,,,,,8.98,5.95,,
AISC,HSS,HSS24X14X1/4,63.25,17.4,,,,,9.01,5.98,,
AISC,HSS,HSS24X12X1,222.63,61.3,,,,,8.42,4.88,,
AISC,HSS,HSS24X12X7/8,197.24,54.3,,,,,8.49,4.93,,
AISC,HSS,HSS24X12X3/4,171.16,47.1,,,,,8.55,4.98,,
AISC,HSS,HSS24X12X5/8,144.39,39.6,,,,,8.62,5.03,,
AISC,HSS,HSS24X12X1/2,116.91,32.1,,,,,8.68,5.08,,
AISC,HSS,HSS24X12X3/8,88.73,24.3,,,,,8.75,5.14,,
AISC,HSS,HSS24X12X5/16,74.38,20.4,,,,,8.78,5.16,,
AISC,HSS,HSS24X12X1/4,59.85,16.4,,,,,8.82,5.19,,
AISC,HSS,HSS24X8X1/2,103.3,28.3,,,,,8.19,3.44,,
AISC,HSS,HSS24X8X3/8,78.52,21.5,,,,,8.27,3.5,,
AISC,HSS,HSS24X8X5/16,65.87,18.1,,,,,8.3,3.52,,
AISC,HSS,HSS24X8X1/4,53.05,14.6,,,,,8.34,3.55,,
AISC,HSS,HSS22X22X1,277.07,76.2,,,,,8.54,8.54,,
AISC,HSS,HSS22X22X7/8,244.88,67.3,,,,,8.59,8.59,,
AISC,HSS,HSS22X22X3/4,212.0,58.2,,,,,8.65,8.65,,
AISC,HSS,HSS22X22X5/8,178.41,48.9,,,,,8.7,8.7,,
AISC,HSS,HSS22X22X1/2,144.13,39.5,,,,,8.76,8.76,,
AISC,HSS,HSS22X20X3/4,201.79,55.4,,,,,8.54,7.93,,
AISC,HSS,HSS22X20X5/8,169.91,46.6,,,,,8.59,7.99,,
AISC,HSS,HSS22X20X1/2,137.32,37.6,,,,,8.65,8.04,,
AISC,HSS,HSS22X20X3/8,104.04,28.5,,,,,8.71,8.1,,
AISC,HSS,HSS22X20X5/16,87.14,23.9,,,,,8.73,8.13,,
AISC,HSS,HSS22X18X3/4,191.58,52.6,,,,,8.41,7.21,,
AISC,HSS,HSS22X18X5/8,161.4,44.3,,,,,8.47,7.26,,
AISC,HSS,HSS22X18X1/2,130.52,35.8,,,,,8.52,7.31,,
AISC,HSS,HSS22X18X3/8,98.94,27.1,,,,,8.58,7.37,,
AISC,HSS,HSS22X18X5/16,82.88,22.7,,,,,8.61,7.4,,
AISC,HSS,HSS22X16X3/4,181.37,49.8,,,,,8.26,6.47,,
AISC,HSS,HSS22X16X5/8,152.89,41.9,,,,,8.32,6.52,,
AISC,HSS,HSS22X16X1/2,123.71,33.9,,,,,8.38,6.57,,
AISC,HSS,HSS22X16X3/8,93.83,25.7,,,,,8.44,6.63,,
AISC,HSS,HSS22X16X5/16,78.63,21.6,,,,,8.47,6.65,,
AISC,HSS,HSS22X16X1/4,63.25,17.4,,,,,8.5,6.68,,
AISC,HSS,HSS22X14X3/4,171.16,47.1,,,,,8.1,5.71,,
AISC,HSS,HSS22X14X5/8,144.39,39.6,,,,,8.16,5.76,,
AISC,HSS,HSS22X14X1/2,116.91,32.1,,,,,8.22,5.81,,
AISC,HSS,HSS22X14X3/8,88.73,24.3,,,,,8.29,5.87,,
AISC,HSS,HSS22X14X5/16,74.38,20.4,,,,,8.32,5.89,,
AISC,HSS,HSS22X14X1/4,59.85,16.4,,,,,8.35,5.92,,
AISC,HSS,HSS22X10X5/8,127.37,35.0,,,,,7.76,4.19,,
AISC,HSS,HSS22X10X1/2,103.3,28.3,,,,,7.83,4.24,,
AISC,HSS,HSS22X10X3/8,78.52,21.5,,,,,7.9,4.29,,
AISC,HSS,HSS22X10X5/16,65.87,18.1,,,,,7.93,4.32,,
AISC,HSS,HSS22X10X1/4,53.05,14.6,,,,,7.96,4.34,,
AISC,HSS,HSS20X20X1,249.85,68.7,,,,,7.72,7.72,,
AISC,HSS,HSS20X20X7/8,221.06,60.8,,,,,7.77,7.77,,
AISC,HSS,HSS20X20X3/4,191.58,52.6,,,,,7.84,7.84,,
AISC,HSS,HSS20X20X5/8,161.4,44.3,,,,,7.88,7.88,,
AISC,HSS,HSS20X20X1/2,130.52,35.8,,,,,7.95,7.95,,
AISC,HSS,HSS20X20X3/8,98.94,27.1,,,,,8.0,8.0,,
AISC,HSS,HSS20X20X5/16,82.88,22.7,,,,,8.03,8.03,,
AISC,HSS,HSS20X16X3/4,171.16,47.1,,,,,7.59,6.39,,
AISC,HSS,HSS20X16X5/8,144.39,39.6,,,,,7.65,6.44,,
AISC,HSS,HSS20X16X1/2,116.91,32.1,,,,,7.7,6.5,,
AISC,HSS,HSS20X16X3/8,88.73,24.3,,,,,7.76,6.55,,
AISC,HSS,HSS20X16X5/16,74.38,20.4,,,,,7.79,6.58,,
AISC,HSS,HSS20X16X1/4,59.85,16.4,,,,,7.82,6.6,,
AISC,HSS,HSS20X12X1,195.4,53.8,,,,,7.14,4.78,,
AISC,HSS,HSS20X12X7/8,173.43,47.7,,,,,7.2,4.83,,
AISC,HSS,HSS20X12X3/4,150.75,41.5,,,,,7.26,4.88,,
AISC,HSS,HSS20X12X5/8,127.37,35.0,,,,,7.33,4.93,,
AISC,HSS,HSS20X12X1/2,103.3,28.3,,,,,7.39,4.99,,
AISC,HSS,HSS20X12X3/8,78.52,21.5,,,,,7.45,5.04,,
AISC,HSS,HSS20X12X5/16,65.87,18.1,,,,,7.48,5.07,,
AISC,HSS,HSS20X8X1,168.18,46.4,,,,,6.67,3.19,,
AISC,HSS,HSS20X8X7/8,149.61,41.2,,,,,6.74,3.24,,
AISC,HSS,HSS20X8X3/4,130.33,35.9,,,,,6.82,3.29,,
AISC,HSS,HSS20X8X5/8,110.36,30.3,,,,,6.89,3.34,,
AISC,HSS,HSS20X8X1/2,89.68,24.6,,,,,6.96,3.39,,
AISC,HSS,HSS20X8X3/8,68.31,18.7,,,,,7.03,3.44,,
AISC,HSS,HSS20X8X5/16,57.36,15.7,,,,,7.07,3.47,,
AISC,HSS,HSS20X6X5/8,101.85,28.0,,,,,6.6,2.5,,
AISC,HSS,HSS20X6X1/2,82.88,22.8,,,,,6.68,2.55,,
AISC,HSS,HSS20X6X3/8,63.21,17.3,,,,,6.76,2.6,,
AISC,HSS,HSS20X6X5/16,53.11,14.6,,,,,6.79,2.63,,
AISC,HSS,HSS20X6X1/4,42.84,11.8,,,,,6.83,2.66,,
AISC,HSS,HSS20X4X1/2,76.07,20.9,,,,,6.33,1.68,,
AISC,HSS,HSS20X4X3/8,58.1,16.0,,,,,6.42,1.73,,
AISC,HSS,HSS20X4X5/16,48.86,13.4,,,,,6.46,1.75,,
AISC,HSS,HSS20X4X1/4,39.43,10.8,,,,,6.5,1.78,,
AISC,HSS,HSS18X18X1,222.63,61.3,,,,,6.9,6.9,,
AISC,HSS,HSS18X18X7/8,197.24,54.3,,,,,6.96,6.96,,
AISC,HSS,HSS18X18X3/4,171.16,47.1,,,,,7.02,7.02,,
AISC,HSS,HSS18X18X5/8,144.39,39.6,,,,,7.07,7.07,,
AISC,HSS,HSS18X18X1/2,116.91,32.1,,,,,7.13,7.13,,
AISC,HSS,HSS18X18X3/8,88.73,24.3,,,,,7.18,7.18,,
AISC,HSS,HSS18X18X5/16,74.38,20.4,,,,,7.21,7.21,,
AISC,HSS,HSS18X18X1/4,59.85,16.4,,,,,7.24,7.24,,
AISC,HSS,HSS18X10X5/8,110.36,30.3,,,,,6.49,4.1,,
AISC,HSS,HSS18X10X1/2,89.68,24.6,,,,,6.55,4.16,,
AISC,HSS,HSS18X10X3/8,68.31,18.7,,,,,6.61,4.21,,
AISC,HSS,HSS18X10X5/16,57.36,15.7,,,,,6.65,4.23,,
AISC,HSS,HSS18X10X1/4,46.24,12.7,,,,,6.68,4.26,,
AISC,HSS,HSS18X8X5/8,101.85,28.0,,,,,6.27,3.31,,
AISC,HSS,HSS18X8X1/2,82.88,22.8,,,,,6.33,3.36,,
AISC,HSS,HSS18X8X3/8,63.21,17.3,,,,,6.4,3.41,,
AISC,HSS,HSS18X8X5/16,53.11,14.6,,,,,6.44,3.44,,
AISC,HSS,HSS18X8X1/4,42.84,11.8,,,,,6.47,3.46,,
AISC,HSS,HSS18X6X3/4,109.91,30.3,,,,,5.92,2.43,,
AISC,HSS,HSS18X6X5/8,93.34,25.7,,,,,6.0,2.48,,
AISC,HSS,HSS18X6X1/2,76.07,20.9,,,,,6.07,2.53,,
AISC,HSS,HSS18X6X3/8,58.1,16.0,,,,,6.15,2.58,,
AISC,HSS,HSS18X6X5/16,48.86,13.4,,,,,6.18,2.61,,
AISC,HSS,HSS18X6X1/4,39.43,10.8,,,,,6.22,2.63,,
AISC,HSS,HSS16X16X1,195.4,53.8,,,,,6.09,6.09,,
AISC,HSS,HSS16X16X7/8,173.43,47.7,,,,,6.14,6.14,,
AISC,HSS,HSS16X16X3/4,150.75,41.5,,,,,6.19,6.19,,
AISC,HSS,HSS16X16X5/8,127.37,35.0,,,,,6.25,6.25,,
AISC,HSS,HSS16X16X1/2,103.3,28.3,,,,,6.31,6.31,,
AISC,HSS,HSS16X16X3/8,78.52,21.5,,,,,6.37,6.37,,
AISC,HSS,HSS16X16X5/16,65.87,18.1,,,,,6.39,6.39,,
AISC,HSS,HSS16X16X1/4,53.05,14.6,,,,,6.42,6.42,,
AISC,HSS,HSS16X12X1,168.18,46.4,,,,,5.82,4.64,,
AISC,HSS,HSS16X12X7/8,149.61,41.2,,,,,5.88,4.7,,
AISC,HSS,HSS16X12X3/4,130.33,35.9,,,,,5.95,4.75,,
AISC,HSS,HSS16X12X5/8,110.36,30.3,,,,,6.0,4.8,,
AISC,HSS,HSS16X12X1/2,89.68,24.6,,,,,6.06,4.86,,
AISC,HSS,HSS16X12X3/8,68.31,18.7,,,,,6.12,4.91,,
AISC,HSS,HSS16X12X5/16,57.36,15.7,,,,,6.15,4.94,,
AISC,HSS,HSS16X10X5/8,101.85,28.0,,,,,5.84,4.05,,
AISC,HSS,HSS16X10X1/2,82.88,22.8,,,,,5.9,4.1,,
AISC,HSS,HSS16X10X3/8,63.21,17.3,,,,,5.96,4.15,,
AISC,HSS,HSS16X10X5/16,53.11,14.6,,,,,5.99,4.18,,
AISC,HSS,HSS16X10X1/4,42.84,11.8,,,,,6.02,4.21,,
AISC,HSS,HSS16X8X7/8,125.79,34.7,,,,,5.5,3.17,,
AISC,HSS,HSS16X8X3/4,109.91,30.3,,,,,5.57,3.22,,
AISC,HSS,HSS16X8X5/8,93.34,25.7,,,,,5.64,3.27,,
AISC,HSS,HSS16X8X1/2,76.07,20.9,,,,,5.7,3.32,,
AISC,HSS,HSS16X8X3/8,58.1,16.0,,,,,5.77,3.37,,
AISC,HSS,HSS16X8X5/16,48.86,13.4,,,,,5.8,3.4,,
AISC,HSS,HSS16X8X1/4,39.43,10.8,,,,,5.83,3.42,,
AISC,HSS,HSS16X6X5/8,84.84,23.3,,,,,5.38,2.46,,
AISC,HSS,HSS16X6X1/2,69.27,19.0,,,,,5.46,2.51,,
AISC,HSS,HSS16X6X3/8,53.0,14.6,,,,,5.53,2.56,,
AISC,HSS,HSS16X6X5/16,44.6,12.2,,,,,5.57,2.58,,
AISC,HSS,HSS16X6X1/4,36.03,9.9,,,,,5.6,2.61,,
AISC,HSS,HSS16X6X3/16,27.29,7.46,,,,,5.64,2.64,,
AISC,HSS,HSS16X4X5/8,76.33,21.0,,,,,5.06,1.6,,
AISC,HSS,HSS16X4X1/2,62.46,17.2,,,,,5.15,1.65,,
AISC,HSS,HSS16X4X3/8,47.9,13.2,,,,,5.23,1.71,,
AISC,HSS,HSS16X4X5/16,40.35,11.1,,,,,5.27,1.73,,
AISC,HSS,HSS16X4X1/4,32.63,8.96,,,,,5.31,1.76,,
AISC,HSS,HSS16X4X3/16,24.73,6.76,,,,,5.35,1.78,,
AISC,HSS,HSS14X14X1,168.18,46.4,,,,,5.27,5.27,,
AISC,HSS,HSS14X14X7/8,149.61,41.2,,,,,5.33,5.33,,
AISC,HSS,HSS14X14X3/4,130.33,35.9,,,,,5.38,5.38,,
AISC,HSS,HSS14X14X5/8,110.36,30.3,,,,,5.44,5.44,,
AISC,HSS,HSS14X14X1/2,89.68,24.6,,,,,5.49,5.49,,
AISC,HSS,HSS14X14X3/8,68.31,18.7,,,,,5.55,5.55,,
AISC,HSS,HSS14X14X5/16,57.36,15.7,,,,,5.58,5.58,,
AISC,HSS,HSS14X14X1/4,46.24,12.7,,,,,5.6,5.6,,
AISC,HSS,HSS14X12X5/8,101.85,28.0,,,,,5.32,4.72,,
AISC,HSS,HSS14X12X1/2,82.88,22.8,,,,,5.38,4.78,,
AISC,HSS,HSS14X12X3/8,63.21,17.3,,,,,5.43,4.83,,
AISC,HSS,HSS14X12X5/16,53.11,14.6,,,,,5.46,4.86,,
AISC,HSS,HSS14X12X1/4,42.84,11.8,,,,,5.49,4.88,,
AISC,HSS,HSS14X10X7/8,125.79,34.7,,,,,5.05,3.88,,
AISC,HSS,HSS14X10X3/4,109.91,30.3,,,,,5.11,3.93,,
AISC,HSS,HSS14X10X5/8,93.34,25.7,,,,,5.17,3.98,,
AISC,HSS,HSS14X10X1/2,76.07,20.9,,,,,5.23,4.04,,
AISC,HSS,HSS14X10X3/8,58.1,16.0,,,,,5.29,4.09,,
AISC,HSS,HSS14X10X5/16,48.86,13.4,,,,,5.32,4.12,,
AISC,HSS,HSS14X10X1/4,39.43,10.8,,,,,5.35,4.14,,
AISC,HSS,HSS14X8X5/8,84.84,23.3,,,,,5.0,3.22,,
AISC,HSS,HSS14X8X1/2,69.27,19.0,,,,,5.06,3.27,,
AISC,HSS,HSS14X8X3/8,53.0,14.6,,,,,5.12,3.32,,
AISC,HSS,HSS14X8X5/16,44.6,12.2,,,,,5.15,3.35,,
AISC,HSS,HSS14X8X1/4,36.03,9.9,,,,,5.19,3.38,,
AISC,HSS,HSS14X8X3/16,27.29,7.46,,,,,5.22,3.4,,
AISC,HSS,HSS14X6X5/8,76.33,21.0,,,,,4.77,2.43,,
AISC,HSS,HSS14X6X1/2,62.46,17.2,,,,,4.84,2.48,,
AISC,HSS,HSS14X6X3/8,47.9,13.2,,,,,4.91,2.53,,
AISC,HSS,HSS14X6X5/16,40.35,11.1,,,,,4.94,2.55,,
AISC,HSS,HSS14X6X1/4,32.63,8.96,,,,,4.98,2.58,,
AISC,HSS,HSS14X6X3/16,24.73,6.76,,,,,5.01,2.61,,
AISC,HSS,HSS14X4X5/8,67.82,18.7,,,,,4.47,1.59,,
AISC,HSS,HSS14X4X1/2,55.66,15.3,,,,,4.55,1.64,,
AISC,HSS,HSS14X4X3/8,42.79,11.8,,,,,4.63,1.69,,
AISC,HSS,HSS14X4X5/16,36.1,9.92,,,,,4.67,1.72,,
AISC,HSS,HSS14X4X1/4,29.23,8.03,,,,,4.71,1.74,,
AISC,HSS,HSS14X4X3/16,22.18,6.06,,,,,4.74,1.77,,
AISC,HSS,HSS12X12X1,140.96,39.0,,,,,4.45,4.45,,
AISC,HSS,HSS12X12X7/8,125.79,34.7,,,,,4.51,4.51,,
AISC,HSS,HSS12X12X3/4,109.91,30.3,,,,,4.56,4.56,,
AISC,HSS,HSS12X12X5/8,93.34,25.7,,,,,4.62,4.62,,
AISC,HSS,HSS12X12X1/2,76.07,20.9,,,,,4.68,4.68,,
AISC,HSS,HSS12X12X3/8,58.1,16.0,,,,,4.73,4.73,,
AISC,HSS,HSS12X12X5/16,48.86,13.4,,,,,4.76,4.76,,
AISC,HSS,HSS12X12X1/4,39.43,10.8,,,,,4.79,4.79,,
AISC,HSS,HSS12X12X3/16,29.84,8.15,,,,,4.82,4.82,,
AISC,HSS,HSS12X10X5/8,84.84,23.3,,,,,4.5,3.9,,
AISC,HSS,HSS12X10X1/2,69.27,19.0,,,,,4.56,3.96,,
AISC,HSS,HSS12X10X3/8,53.0,14.6,,,,,4.61,4.01,,
AISC,HSS,HSS12X10X5/16,44.6,12.2,,,,,4.64,4.04,,
AISC,HSS,HSS12X10X1/4,36.03,9.9,,,,,4.67,4.07,,
AISC,HSS,HSS12X10X3/16,27.29,7.46,,,,,4.7,4.09,,
AISC,HSS,HSS12X8X5/8,76.33,21.0,,,,,4.34,3.16,,
AISC,HSS,HSS12X8X1/2,62.46,17.2,,,,,4.41,3.21,,
AISC,HSS,HSS12X8X3/8,47.9,13.2,,,,,4.47,3.27,,
AISC,HSS,HSS12X8X5/16,40.35,11.1,,,,,4.5,3.29,,
AISC,HSS,HSS12X8X1/4,32.63,8.96,,,,,4.53,3.32,,
AISC,HSS,HSS12X8X3/16,24.73,6.76,,,,,4.56,3.35,,
AISC,HSS,HSS12X6X5/8,67.82,18.7,,,,,4.14,2.39,,
AISC,HSS,HSS12X6X1/2,55.66,15.3,,,,,4.21,2.44,,
AISC,HSS,HSS12X6X3/8,42.79,11.8,,,,,4.28,2.49,,
AISC,HSS,HSS12X6X5/16,36.1,9.92,,,,,4.31,2.52,,
AISC,HSS,HSS12X6X1/4,29.23,8.03,,,,,4.34,2.54,,
AISC,HSS,HSS12X6X3/16,22.18,6.06,,,,,4.38,2.57,,
AISC,HSS,HSS12X4X5/8,59.32,16.4,,,,,3.87,1.57,,
AISC,HSS,HSS12X4X1/2,48.85,13.5,,,,,3.95,1.62,,
AISC,HSS,HSS12X4X3/8,37.69,10.4,,,,,4.02,1.67,,
AISC,HSS,HSS12X4X5/16,31.84,8.76,,,,,4.06,1.7,,
AISC,HSS,HSS12X4X1/4,25.82,7.1,,,,,4.1,1.72,,
AISC,HSS,HSS12X4X3/16,19.63,5.37,,,,,4.13,1.75,,
AISC,HSS,HSS12X3X5/16,29.72,8.17,,,,,3.9,1.27,,
AISC,HSS,HSS12X3X1/4,24.12,6.63,,,,,3.94,1.29,,
AISC,HSS,HSS12X3X3/16,18.35,5.02,,,,,3.98,1.32,,
AISC,HSS,HSS12X2X5/16,27.59,7.59,,,,,3.71,0.82,,
AISC,HSS,HSS12X2X1/4,22.42,6.17,,,,,3.75,0.845,,
AISC,HSS,HSS12X2X3/16,17.08,4.67,,,,,3.8,0.872,,
AISC,HSS,HSS10X10X3/4,89.5,24.7,,,,,3.75,3.75,,
AISC,HSS,HSS10X10X5/8,76.33,21.0,,,,,3.8,3.8,,
AISC,HSS,HSS10X10X1/2,62.46,17.2,,,,,3.86,3.86,,
AISC,HSS,HSS10X10X3/8,47.9,13.2,,,,,3.92,3.92,,
AISC,HSS,HSS10X10X5/16,40.35,11.1,,,,,3.94,3.94,,
AISC,HSS,HSS10X10X1/4,32.63,8.96,,,,,3.97,3.97,,
AISC,HSS,HSS10X10X3/16,24.73,6.76,,,,,4.0,4.0,,
AISC,HSS,HSS10X8X5/8,67.82,18.7,,,,,3.68,3.09,,
AISC,HSS,HSS10X8X1/2,55.66,15.3,,,,,3.73,3.14,,
AISC,HSS,HSS10X8X3/8,42.79,11.8,,,,,3.79,3.19,,
AISC,HSS,HSS10X8X5/16,36.1,9.92,,,,,3.82,3.22,,
AISC,HSS,HSS10X8X1/4,29.23,8.03,,,,,3.85,3.25,,
AISC,HSS,HSS10X8X3/16,22.18,6.06,,,,,3.88,3.28,,
AISC,HSS,HSS10X6X5/8,59.32,16.4,,,,,3.5,2.34,,
AISC,HSS,HSS10X6X1/2,48.85,13.5,,,,,3.57,2.39,,
AISC,HSS,HSS10X6X3/8,37.69,10.4,,,,,3.63,2.44,,
AISC,HSS,HSS10X6X5/16,31.84,8.76,,,,,3.66,2.47,,
AISC,HSS,HSS10X6X1/4,25.82,7.1,,,,,3.69,2.49,,
AISC,HSS,HSS10X6X3/16,19.63,5.37,,,,,3.73,2.52,,
AISC,HSS,HSS10X5X3/8,35.13,9.67,,,,,3.53,2.05,,
AISC,HSS,HSS10X5X5/16,29.72,8.17,,,,,3.56,2.07,,
AISC,HSS,HSS10X5X1/4,24.12,6.63,,,,,3.6,2.1,,
AISC,HSS,HSS10X4X5/8,50.81,14.0,,,,,3.26,1.54,,
AISC,HSS,HSS10X4X1/2,42.05,11.6,,,,,3.34,1.59,,
AISC,HSS,HSS10X4X3/8,32.58,8.97,,,,,3.41,1.64,,
AISC,HSS,HSS10X4X5/16,27.59,7.59,,,,,3.44,1.67,,
AISC,HSS,HSS10X4X1/4,22.42,6.17,,,,,3.48,1.7,,
AISC,HSS,HSS10X4X3/16,17.08,4.67,,,,,3.52,1.72,,
AISC,HSS,HSS10X4X1/8,11.56,3.16,,,,,3.55,1.75,,
AISC,HSS,HSS10X3-1/2X3/8,31.31,8.62,,,,,3.34,1.44,,
AISC,HSS,HSS10X3-1/2X5/16,26.53,7.3,,,,,3.38,1.46,,
AISC,HSS,HSS10X3-1/2X1/4,21.57,5.93,,,,,3.41,1.49,,
AISC,HSS,HSS10X3-1/2X3/16,16.44,4.5,,,,,3.45,1.51,,
AISC,HSS,HSS10X3X3/8,30.03,8.27,,,,,3.26,1.22,,
AISC,HSS,HSS10X3X5/16,25.46,7.01,,,,,3.3,1.25,,
AISC,HSS,HSS10X3X1/4,20.72,5.7,,,,,3.34,1.28,,
AISC,HSS,HSS10X3X3/16,15.8,4.32,,,,,3.38,1.3,,
AISC,HSS,HSS10X3X1/8,10.71,2.93,,,,,3.42,1.33,,
AISC,HSS,HSS10X2X3/8,27.48,7.58,,,,,3.08,0.787,,
AISC,HSS,HSS10X2X5/16,23.34,6.43,,,,,3.12,0.812,,
AISC,HSS,HSS10X2X1/4,19.02,5.24,,,,,3.17,0.838,,
AISC,HSS,HSS10X2X3/16,14.53,3.98,,,,,3.21,0.864,,
AISC,HSS,HSS10X2X1/8,9.86,2.7,,,,,3.25,0.89,,
AISC,HSS,HSS9X9X5/8,67.82,18.7,,,,,3.4,3.4,,
AISC,HSS,HSS9X9X1/2,55.66,15.3,,,,,3.45,3.45,,
AISC,HSS,HSS9X9X3/8,42.79,11.8,,,,,3.51,3.51,,
AISC,HSS,HSS9X9X5/16,36.1,9.92,,,,,3.54,3.54,,
AISC,HSS,HSS9X9X1/4,29.23,8.03,,,,,3.56,3.56,,
AISC,HSS,HSS9X9X3/16,22.18,6.06,,,,,3.59,3.59,,
AISC,HSS,HSS9X9X1/8,14.96,4.09,,,,,3.62,3.62,,
AISC,HSS,HSS9X7X5/8,59.32,16.4,,,,,3.26,2.68,,
AISC,HSS,HSS9X7X1/2,48.85,13.5,,,,,3.32,2.73,,
AISC,HSS,HSS9X7X3/8,37.69,10.4,,,,,3.38,2.78,,
AISC,HSS,HSS9X7X5/16,31.84,8.76,,,,,3.41,2.81,,
AISC,HSS,HSS9X7X1/4,25.82,7.1,,,,,3.44,2.84,,
AISC,HSS,HSS9X7X3/16,19.63,5.37,,,,,3.47,2.87,,
AISC,HSS,HSS9X5X5/8,50.81,14.0,,,,,3.08,1.92,,
AISC,HSS,HSS9X5X1/2,42.05,11.6,,,,,3.14,1.97,,
AISC,HSS,HSS9X5X3/8,32.58,8.97,,,,,3.21,2.03,,
AISC,HSS,HSS9X5X5/16,27.59,7.59,,,,,3.24,2.05,,
AISC,HSS,HSS9X5X1/4,22.42,6.17,,,,,3.27,2.08,,
AISC,HSS,HSS9X5X3/16,17.08,4.67,,,,,3.31,2.1,,
AISC,HSS,HSS9X3X1/2,35.24,9.74,,,,,2.88,1.17,,
AISC,HSS,HSS9X3X3/8,27.48,7.58,,,,,2.96,1.21,,
AISC,HSS,HSS9X3X5/16,23.34,6.43,,,,,3.0,1.24,,
AISC,HSS,HSS9X3X1/4,19.02,5.24,,,,,3.04,1.27,,
AISC,HSS,HSS9X3X3/16,14.53,3.98,,,,,3.07,1.29,,
AISC,HSS,HSS8X8X5/8,59.32,16.4,,,,,2.99,2.99,,
AISC,HSS,HSS8X8X1/2,48.85,13.5,,,,,3.04,3.04,,
AISC,HSS,HSS8X8X3/8,37.69,10.4,,,,,3.1,3.1,,
AISC,HSS,HSS8X8X5/16,31.84,8.76,,,,,3.13,3.13,,
AISC,HSS,HSS8X8X1/4,25.82,7.1,,,,,3.15,3.15,,
AISC,HSS,HSS8X8X3/16,19.63,5.37,,,,,3.18,3.18,,
AISC,HSS,HSS8X8X1/8,13.26,3.62,,,,,3.21,3.21,,
AISC,HSS,HSS8X6X5/8,50.81,14.0,,,,,2.85,2.27,,
AISC,HSS,HSS8X6X1/2,42.05,11.6,,,,,2.91,2.32,,
AISC,HSS,HSS8X6X3/8,32.58,8.97,,,,,2.97,2.38,,
AISC,HSS,HSS8X6X5/16,27.59,7.59,,,,,3.0,2.4,,
AISC,HSS,HSS8X6X1/4,22.42,6.17,,,,,3.03,2.43,,
AISC,HSS,HSS8X6X3/16,17.08,4.67,,,,,3.06,2.46,,
AISC,HSS,HSS8X4X5/8,42.3,11.7,,,,,2.64,1.51,,
AISC,HSS,HSS8X4X1/2,35.24,9.74,,,,,2.71,1.56,,
AISC,HSS,HSS8X4X3/8,27.48,7.58,,,,,2.78,1.61,,
AISC,HSS,HSS8X4X5/16,23.34,6.43,,,,,2.82,1.63,,
AISC,HSS,HSS8X4X1/4,19.02,5.24,,,,,2.85,1.66,,
AISC,HSS,HSS8X4X3/16,14.53,3.98,,,,,2.88,1.69,,
AISC,HSS,HSS8X4X1/8,9.86,2.7,,,,,2.92,1.71,,
AISC,HSS,HSS8X3X1/2,31.84,8.81,,,,,2.58,1.15,,
AISC,HSS,HSS8X3X3/8,24.93,6.88,,,,,2.65,1.2,,
AISC,HSS,HSS8X3X5/16,21.21,5.85,,,,,2.69,1.23,,
AISC,HSS,HSS8X3X1/4,17.32,4.77,,,,,2.73,1.25,,
AISC,HSS,HSS8X3X3/16,13.25,3.63,,,,,2.77,1.28,,
AISC,HSS,HSS8X3X1/8,9.01,2.46,,,,,2.8,1.31,,
AISC,HSS,HSS8X2X1/2,28.43,7.88,,,,,2.4,0.73,,
AISC,HSS,HSS8X2X3/8,22.37,6.18,,,,,2.49,0.777,,
AISC,HSS,HSS8X2X5/16,19.08,5.26,,,,,2.53,0.802,,
AISC,HSS,HSS8X2X1/4,15.62,4.3,,,,,2.57,0.827,,
AISC,HSS,HSS8X2X3/16,11.97,3.28,,,,,2.61,0.853,,
AISC,HSS,HSS8X2X1/8,8.16,2.23,,,,,2.65,0.879,,
AISC,HSS,HSS7X7X5/8,50.81,14.0,,,,,2.58,2.58,,
AISC,HSS,HSS7X7X1/2,42.05,11.6,,,,,2.63,2.63,,
AISC,HSS,HSS7X7X3/8,32.58,8.97,,,,,2.69,2.69,,
AISC,HSS,HSS7X7X5/16,27.59,7.59,,,,,2.72,2.72,,
AISC,HSS,HSS7X7X1/4,22.42,6.17,,,,,2.75,2.75,,
AISC,HSS,HSS7X7X3/16,17.08,4.67,,,,,2.77,2.77,,
AISC,HSS,HSS7X7X1/8,11.56,3.16,,,,,2.8,2.8,,
AISC,HSS,HSS7X5X1/2,35.24,9.74,,,,,2.5,1.91,,
AISC,HSS,HSS7X5X3/8,27.48,7.58,,,,,2.56,1.97,,
AISC,HSS,HSS7X5X5/16,23.34,6.43,,,,,2.59,1.99,,
AISC,HSS,HSS7X5X1/4,19.02,5.24,,,,,2.62,2.02,,
AISC,HSS,HSS7X5X3/16,14.53,3.98,,,,,2.65,2.05,,
AISC,HSS,HSS7X5X1/8,9.86,2.7,,,,,2.68,2.07,,
AISC,HSS,HSS7X4X1/2,31.84,8.81,,,,,2.4,1.53,,
AISC,HSS,HSS7X4X3/8,24.93,6.88,,,,,2.46,1.58,,
AISC,HSS,HSS7X4X5/16,21.21,5.85,,,,,2.5,1.61,,
AISC,HSS,HSS7X4X1/4,17.32,4.77,,,,,2.53,1.64,,
AISC,HSS,HSS7X4X3/16,13.25,3.63,,,,,2.56,1.66,,
AISC,HSS,HSS7X4X1/8,9.01,2.46,,,,,2.59,1.69,,
AISC,HSS,HSS7X3X1/2,28.43,7.88,,,,,2.27,1.14,,
AISC,HSS,HSS7X3X3/8,22.37,6.18,,,,,2.35,1.19,,
AISC,HSS,HSS7X3X5/16,19.08,5.26,,,,,2.38,1.21,,
AISC,HSS,HSS7X3X1/4,15.62,4.3,,,,,2.42,1.24,,
AISC,HSS,HSS7X3X3/16,11.97,3.28,,,,,2.45,1.26,,
AISC,HSS,HSS7X3X1/8,8.16,2.23,,,,,2.49,1.29,,
AISC,HSS,HSS7X2X1/4,13.91,3.84,,,,,2.27,0.819,,
AISC,HSS,HSS7X2X3/16,10.7,2.93,,,,,2.31,0.845,,
AISC,HSS,HSS7X2X1/8,7.31,2.0,,,,,2.35,0.871,,
AISC,HSS,HSS6X6X5/8,42.3,11.7,,,,,2.17,2.17,,
AISC,HSS,HSS6X6X1/2,35.24,9.74,,,,,2.23,2.23,,
AISC,HSS,HSS6X6X3/8,27.48,7.58,,,,,2.28,2.28,,
AISC,HSS,HSS6X6X5/16,23.34,6.43,,,,,2.31,2.31,,
AISC,HSS,HSS6X6X1/4,19.02,5.24,,,,,2.34,2.34,,
AISC,HSS,HSS6X6X3/16,14.53,3.98,,,,,2.37,2.37,,
AISC,HSS,HSS6X6X1/8,9.86,2.7,,,,,2.39,2.39,,
AISC,HSS,HSS6X5X1/2,31.84,8.81,,,,,2.16,1.87,,
AISC,HSS,HSS6X5X3/8,24.93,6.88,,,,,2.22,1.92,,
AISC,HSS,HSS6X5X5/16,21.21,5.85,,,,,2.25,1.95,,
AISC,HSS,HSS6X5X1/4,17.32,4.77,,,,,2.28,1.98,,
AISC,HSS,HSS6X5X3/16,13.25,3.63,,,,,2.31,2.01,,
AISC,HSS,HSS6X5X1/8,9.01,2.46,,,,,2.34,2.03,,
AISC,HSS,HSS6X4X1/2,28.43,7.88,,,,,2.08,1.5,,
AISC,HSS,HSS6X4X3/8,22.37,6.18,,,,,2.14,1.55,,
AISC,HSS,HSS6X4X5/16,19.08,5.26,,,,,2.17,1.58,,
AISC,HSS,HSS6X4X1/4,15.62,4.3,,,,,2.2,1.61,,
AISC,HSS,HSS6X4X3/16,11.97,3.28,,,,,2.23,1.63,,
AISC,HSS,HSS6X4X1/8,8.16,2.23,,,,,2.26,1.66,,
AISC,HSS,HSS6X3X1/2,25.03,6.95,,,,,1.97,1.12,,
AISC,HSS,HSS6X3X3/8,19.82,5.48,,,,,2.04,1.17,,
AISC,HSS,HSS6X3X5/16,16.96,4.68,,,,,2.07,1.19,,
AISC,HSS,HSS6X3X1/4,13.91,3.84,,,,,2.1,1.22,,
AISC,HSS,HSS6X3X3/16,10.7,2.93,,,,,2.14,1.25,,
AISC,HSS,HSS6X3X1/8,7.31,2.0,,,,,2.17,1.27,,
AISC,HSS,HSS6X2X3/8,17.27,4.78,,,,,1.89,0.76,,
AISC,HSS,HSS6X2X5/16,14.83,4.1,,,,,1.93,0.785,,
AISC,HSS,HSS6X2X1/4,12.21,3.37,,,,,1.97,0.81,,
AISC,HSS,HSS6X2X3/16,9.42,2.58,,,,,2.01,0.836,,
AISC,HSS,HSS6X2X1/8,6.46,1.77,,,,,2.05,0.861,,
AISC,HSS,HSS5-1/2X5-1/2X3/8,24.93,6.88,,,,,2.08,2.08,,
AISC,HSS,HSS5-1/2X5-1/2X5/16,21.21,5.85,,,,,2.11,2.11,,
AISC,HSS,HSS5-1/2X5-1/2X1/4,17.32,4.77,,,,,2.13,2.13,,
AISC,HSS,HSS5-1/2X5-1/2X3/16,13.25,3.63,,,,,2.16,2.16,,
AISC,HSS,HSS5-1/2X5-1/2X1/8,9.01,2.46,,,,,2.19,2.19,,
AISC,HSS,HSS5X5X1/2,28.43,7.88,,,,,1.82,1.82,,
AISC,HSS,HSS5X5X3/8,22.37,6.18,,,,,1.87,1.87,,
AISC,HSS,HSS5X5X5/16,19.08,5.26,,,,,1.9,1.9,,
AISC,HSS,HSS5X5X1/4,15.62,4.3,,,,,1.93,1.93,,
AISC,HSS,HSS5X5X3/16,11.97,3.28,,,,,1.96,1.96,,
AISC,HSS,HSS5X5X1/8,8.16,2.23,,,,,1.99,1.99,,
AISC,HSS,HSS5X4X1/2,25.03,6.95,,,,,1.75,1.46,,
AISC,HSS,HSS5X4X3/8,19.82,5.48,,,,,1.81,1.52,,
AISC,HSS,HSS5X4X5/16,16.96,4.68,,,,,1.84,1.54,,
AISC,HSS,HSS5X4X1/4,13.91,3.84,,,,,1.87,1.57,,
AISC,HSS,HSS5X4X3/16,10.7,2.93,,,,,1.9,1.6,,
AISC,HSS,HSS5X4X1/8,7.31,2.0,,,,,1.93,1.62,,
AISC,HSS,HSS5X3X1/2,21.63,6.02,,,,,1.65,1.09,,
AISC,HSS,HSS5X3X3/8,17.27,4.78,,,,,1.72,1.14,,
AISC,HSS,HSS5X3X5/16,14.83,4.1,,,,,1.75,1.17,,
AISC,HSS,HSS5X3X1/4,12.21,3.37,,,,,1.78,1.19,,
AISC,HSS,HSS5X3X3/16,9.42,2.58,,,,,1.82,1.22,,
AISC,HSS,HSS5X3X1/8,6.46,1.77,,,,,1.85,1.25,,
AISC,HSS,HSS5X2-1/2X1/4,11.36,3.14,,,,,1.73,0.999,,
AISC,HSS,HSS5X2-1/2X3/16,8.78,2.41,,,,,1.77,1.02,,
AISC,HSS,HSS5X2-1/2X1/8,6.03,1.65,,,,,1.8,1.05,,
AISC,HSS,HSS5X2X3/8,14.72,4.09,,,,,1.59,0.748,,
AISC,HSS,HSS5X2X5/16,12.7,3.52,,,,,1.63,0.772,,
AISC,HSS,HSS5X2X1/4,10.51,2.91,,,,,1.67,0.797,,
AISC,HSS,HSS5X2X3/16,8.15,2.24,,,,,1.7,0.823,,
AISC,HSS,HSS5X2X1/8,5.61,1.54,,,,,1.74,0.848,,
AISC,HSS,HSS4-1/2X4-1/2X1/2,25.03,6.95,,,,,1.61,1.61,,
AISC,HSS,HSS4-1/2X4-1/2X3/8,19.82,5.48,,,,,1.67,1.67,,
AISC,HSS,HSS4-1/2X4-1/2X5/16,16.96,4.68,,,,,1.7,1.7,,
AISC,HSS,HSS4-1/2X4-1/2X1/4,13.91,3.84,,,,,1.73,1.73,,
AISC,HSS,HSS4-1/2X4-1/2X3/16,10.7,2.93,,,,,1.75,1.75,,
AISC,HSS,HSS4-1/2X4-1/2X1/8,7.31,2.0,,,,,1.78,1.78,,
AISC,HSS,HSS4X4X1/2,21.63,6.02,,,,,1.41,1.41,,
AISC,HSS,HSS4X4X3/8,17.27,4.78,,,,,1.47,1.47,,
AISC,HSS,HSS4X4X5/16,14.83,4.1,,,,,1.49,1.49,,
AISC,HSS,HSS4X4X1/4,12.21,3.37,,,,,1.52,1.52,,
AISC,HSS,HSS4X4X3/16,9.42,2.58,,,,,1.55,1.55,,
AISC,HSS,HSS4X4X1/8,6.46,1.77,,,,,1.58,1.58,,
AISC,HSS,HSS4X3X3/8,14.72,4.09,,,,,1.39,1.11,,
AISC,HSS,HSS4X3X5/16,12.7,3.52,,,,,1.42,1.13,,
AISC,HSS,HSS4X3X1/4,10.51,2.91,,,,,1.45,1.16,,
AISC,HSS,HSS4X3X3/16,8.15,2.24,,,,,1.49,1.19,,
AISC,HSS,HSS4X3X1/8,5.61,1.54,,,,,1.52,1.21,,
AISC,HSS,HSS4X2-1/2X1/4,9.66,2.67,,,,,1.41,0.973,,
AISC,HSS,HSS4X2-1/2X3/16,7.51,2.06,,,,,1.44,0.999,,
AISC,HSS,HSS4X2-1/2X1/8,5.18,1.42,,,,,1.47,1.03,,
AISC,HSS,HSS4X2X3/8,12.17,3.39,,,,,1.29,0.729,,
AISC,HSS,HSS4X2X5/16,10.58,2.94,,,,,1.32,0.754,,
AISC,HSS,HSS4X2X1/4,8.81,2.44,,,,,1.36,0.779,,
AISC,HSS,HSS4X2X3/16,6.87,1.89,,,,,1.39,0.804,,
AISC,HSS,HSS4X2X1/8,4.75,1.3,,,,,1.43,0.83,,
AISC,HSS,HSS4X1-1/2X1/4,7.96,2.21,,,,,1.29,0.576,,
AISC,HSS,HSS4X1-1/2X3/16,6.23,1.71,,,,,1.33,0.602,,
AISC,HSS,HSS4X1-1/2X1/8,4.33,1.19,,,,,1.36,0.627,,
AISC,HSS,HSS3-1/2X3-1/2X3/8,14.72,4.09,,,,,1.26,1.26,,
AISC,HSS,HSS3-1/2X3-1/2X5/16,12.7,3.52,,,,,1.29,1.29,,
AISC,HSS,HSS3-1/2X3-1/2X1/4,10.51,2.91,,,,,1.32,1.32,,
AISC,HSS,HSS3-1/2X3-1/2X3/16,8.15,2.24,,,,,1.35,1.35,,
AISC,HSS,HSS3-1/2X3-1/2X1/8,5.61,1.54,,,,,1.37,1.37,,
AISC,HSS,HSS3-1/2X2-1/2X3/8,12.17,3.39,,,,,1.18,0.904,,
AISC,HSS,HSS3-1/2X2-1/2X5/16,10.58,2.94,,,,,1.22,0.93,,
AISC,HSS,HSS3-1/2X2-1/2X1/4,8.81,2.44,,,,,1.25,0.956,,
AISC,HSS,HSS3-1/2X2-1/2X3/16,6.87,1.89,,,,,1.28,0.983,,
AISC,HSS,HSS3-1/2X2-1/2X1/8,4.75,1.3,,,,,1.31,1.01,,
AISC,HSS,HSS3-1/2X2X1/4,7.96,2.21,,,,,1.2,0.766,,
AISC,HSS,HSS3-1/2X2X3/16,6.23,1.71,,,,,1.23,0.792,,
AISC,HSS,HSS3-1/2X2X1/8,4.33,1.19,,,,,1.27,0.818,,
AISC,HSS,HSS3-1/2X1-1/2X1/4,7.11,1.97,,,,,1.14,0.569,,
AISC,HSS,HSS3-1/2X1-1/2X3/16,5.59,1.54,,,,,1.17,0.594,,
AISC,HSS,HSS3-1/2X1-1/2X1/8,3.9,1.07,,,,,1.21,0.619,,
AISC,HSS,HSS3X3X3/8,12.17,3.39,,,,,1.06,1.06,,
AISC,HSS,HSS3X3X5/16,10.58,2.94,,,,,1.08,1.08,,
AISC,HSS,HSS3X3X1/4,8.81,2.44,,,,,1.11,1.11,,
AISC,HSS,HSS3X3X3/16,6.87,1.89,,,,,1.14,1.14,,
AISC,HSS,HSS3X3X1/8,4.75,1.3,,,,,1.17,1.17,,
AISC,HSS,HSS3X2-1/2X5/16,9.51,2.64,,,,,1.05,0.908,,
AISC,HSS,HSS3X2-1/2X1/4,7.96,2.21,,,,,1.08,0.935,,
AISC,HSS,HSS3X2-1/2X3/16,6.23,1.71,,,,,1.11,0.963,,
AISC,HSS,HSS3X2-1/2X1/8,4.33,1.19,,,,,1.14,0.99,,
AISC,HSS,HSS3X2X5/16,8.45,2.35,,,,,1.01,0.725,,
AISC,HSS,HSS3X2X1/4,7.11,1.97,,,,,1.04,0.751,,
AISC,HSS,HSS3X2X3/16,5.59,1.54,,,,,1.07,0.778,,
AISC,HSS,HSS3X2X1/8,3.9,1.07,,,,,1.1,0.804,,
AISC,HSS,HSS3X1-1/2X1/4,6.26,1.74,,,,,0.982,0.559,,
AISC,HSS,HSS3X1-1/2X3/16,4.96,1.37,,,,,1.02,0.584,,
AISC,HSS,HSS3X1-1/2X1/8,3.48,0.956,,,,,1.05,0.61,,
AISC,HSS,HSS3X1X3/16,4.32,1.19,,,,,0.947,0.38,,
AISC,HSS,HSS3X1X1/8,3.05,0.84,,,,,0.987,0.405,,
AISC,HSS,HSS2-1/2X2-1/2X5/16,8.45,2.35,,,,,0.88,0.88,,
AISC,HSS,HSS2-1/2X2-1/2X1/4,7.11,1.97,,,,,0.908,0.908,,
AISC,HSS,HSS2-1/2X2-1/2X3/16,5.59,1.54,,,,,0.937,0.937,,
AISC,HSS,HSS2-1/2X2-1/2X1/8,3.9,1.07,,,,,0.965,0.965,,
AISC,HSS,HSS2-1/2X2X1/4,6.26,1.74,,,,,0.874,0.731,,
AISC,HSS,HSS2-1/2X2X3/16,4.96,1.37,,,,,0.904,0.758,,
AISC,HSS,HSS2-1/2X2X1/8,3.48,0.956,,,,,0.934,0.785,,
AISC,HSS,HSS2-1/2X1-1/2X1/4,5.41,1.51,,,,,0.826,0.546,,
AISC,HSS,HSS2-1/2X1-1/2X3/16,4.32,1.19,,,,,0.86,0.572,,
AISC,HSS,HSS2-1/2X1-1/2X1/8,3.05,0.84,,,,,0.892,0.597,,
AISC,HSS,HSS2-1/2X1X3/16,3.68,1.02,,,,,0.796,0.374,,
AISC,HSS,HSS2-1/2X1X1/8,2.63,0.724,,,,,0.834,0.399,,
AISC,HSS,HSS2-1/4X2-1/4X1/4,6.26,1.74,,,,,0.806,0.806,,
AISC,HSS,HSS2-1/4X2-1/4X3/16,4.96,1.37,,,,,0.835,0.835,,
AISC,HSS,HSS2-1/4X2-1/4X1/8,3.48,0.956,,,,,0.863,0.863,,
AISC,HSS,HSS2X2X1/4,5.41,1.51,,,,,0.704,0.704,,
AISC,HSS,HSS2X2X3/16,4.32,1.19,,,,,0.733,0.733,,
AISC,HSS,HSS2X2X1/8,3.05,0.84,,,,,0.761,0.761,,
AISC,HSS,HSS2X1-1/2X3/16,3.68,1.02,,,,,0.697,0.554,,
AISC,HSS,HSS2X1-1/2X1/8,2.63,0.724,,,,,0.728,0.581,,
AISC,HSS,HSS2X1X3/16,3.04,0.845,,,,,0.643,0.365,,
AISC,HSS,HSS2X1X1/8,2.2,0.608,,,,,0.679,0.39,,
AISC,HSS,HSS1-1/2X1-1/2X1/4,3.71,1.04,,,,,0.5,0.5,,
AISC,HSS,HSS1-1/2X1-1/2X3/16,3.04,0.845,,,,,0.528,0.528,,
AISC,HSS,HSS1-1/2X1-1/2X1/8,2.2,0.608,,,,,0.557,0.557,,
AISC,HSS,HSS28.000X1.000,288.63,79.1,,,,,9.58,9.58,,
AISC,HSS,HSS28.000X0.875,253.72,69.5,,,,,9.62,9.62,,
AISC,HSS,HSS28.000X0.750,218.48,59.8,,,,,9.66,9.66,,
AISC,HSS,HSS28.000X0.625,182.9,50.1,,,,,9.7,9.7,,
AISC,HSS,HSS28.000X0.500,146.99,40.2,,,,,9.74,9.74,,
AISC,HSS,HSS28.000X0.375,110.74,30.3,,,,,9.78,9.78,,
AISC,HSS,HSS26.000X0.750,202.44,55.4,,,,,8.95,8.95,,
AISC,HSS,HSS26.000X0.625,169.54,46.4,,,,,8.99,8.99,,
AISC,HSS,HSS26.000X0.500,136.3,37.3,,,,,9.03,9.03,,
AISC,HSS,HSS26.000X0.375,102.73,28.1,,,,,9.07,9.07,,
AISC,HSS,HSS26.000X0.313,85.81,23.5,,,,,9.09,9.09,,
AISC,HSS,HSS24.000X1.000,245.87,67.4,,,,,8.16,8.16,,
AISC,HSS,HSS24.000X0.875,216.31,59.3,,,,,8.2,8.2,,
AISC,HSS,HSS24.000X0.750,186.41,51.1,,,,,8.24,8.24,,
AISC,HSS,HSS24.000X0.625,156.18,42.8,,,,,8.28,8.28,,
AISC,HSS,HSS24.000X0.500,125.61,34.4,,,,,8.32,8.32,,
AISC,HSS,HSS24.000X0.375,94.71,25.9,,,,,8.36,8.36,,
AISC,HSS,HSS24.000X0.313,79.13,21.6,,,,,8.38,8.38,,
AISC,HSS,HSS22.000X0.750,170.37,46.7,,,,,7.54,7.54,,
AISC,HSS,HSS22.000X0.625,142.81,39.1,,,,,7.58,7.58,,
AISC,HSS,HSS22.000X0.500,114.92,31.5,,,,,7.62,7.62,,
AISC,HSS,HSS22.000X0.375,86.69,23.7,,,,,7.66,7.66,,
AISC,HSS,HSS22.000X0.313,72.45,19.8,,,,,7.68,7.68,,
AISC,HSS,HSS20.000X1.000,203.11,55.7,,,,,6.75,6.75,,
AISC,HSS,HSS20.000X0.875,178.89,49.0,,,,,6.79,6.79,,
AISC,HSS,HSS20.000X0.750,154.34,42.3,,,,,6.83,6.83,,
AISC,HSS,HSS20.000X0.625,129.45,35.5,,,,,6.87,6.87,,
AISC,HSS,HSS20.000X0.500,104.0,28.5,,,,,6.91,6.91,,
AISC,HSS,HSS20.000X0.375,78.67,21.5,,,,,6.95,6.95,,
AISC,HSS,HSS20.000X0.313,65.77,18.0,,,,,6.97,6.97,,
AISC,HSS,HSS20.000X0.250,52.78,14.4,,,,,6.99,6.99,,
AISC,HSS,HSS18.000X1.000,181.73,49.9,,,,,6.04,6.04,,
AISC,HSS,HSS18.000X0.875,160.19,43.9,,,,,6.08,6.08,,
AISC,HSS,HSS18.000X0.750,138.3,37.9,,,,,6.12,6.12,,
AISC,HSS,HSS18.000X0.625,116.09,31.8,,,,,6.16,6.16,,
AISC,HSS,HSS18.000X0.500,93.54,25.6,,,,,6.2,6.2,,
AISC,HSS,HSS18.000X0.375,70.66,19.4,,,,,6.24,6.24,,
AISC,HSS,HSS18.000X0.313,59.09,16.2,,,,,6.26,6.26,,
AISC,HSS,HSS18.000X0.250,47.44,13.0,,,,,6.28,6.28,,
AISC,HSS,HSS16.000X1.000,160.35,44.0,,,,,5.34,5.34,,
AISC,HSS,HSS16.000X0.875,141.48,38.8,,,,,5.38,5.38,,
AISC,HSS,HSS16.000X0.750,122.27,33.5,,,,,5.42,5.42,,
AISC,HSS,HSS16.000X0.625,103.0,28.1,,,,,5.46,5.46,,
AISC,HSS,HSS16.000X0.500,82.85,22.7,,,,,5.49,5.49,,
AISC,HSS,HSS16.000X0.438,72.87,19.9,,,,,5.51,5.51,,
AISC,HSS,HSS16.000X0.375,62.64,17.2,,,,,5.53,5.53,,
AISC,HSS,HSS16.000X0.312,52.32,14.4,,,,,5.55,5.55,,
AISC,HSS,HSS16.000X0.250,42.09,11.5,,,,,5.58,5.58,,
AISC,HSS,HSS14.000X1.000,138.97,38.2,,,,,4.63,4.63,,
AISC,HSS,HSS14.000X0.875,122.77,33.7,,,,,4.67,4.67,,
AISC,HSS,HSS14.000X0.750,106.23,29.1,,,,,4.71,4.71,,
AISC,HSS,HSS14.000X0.625,89.36,24.5,,,,,4.75,4.75,,
AISC,HSS,HSS14.000X0.500,72.16,19.8,,,,,4.79,4.79,,
AISC,HSS,HSS14.000X0.375,54.62,15.0,,,,,4.83,4.83,,
AISC,HSS,HSS14.000X0.312,45.65,12.5,,,,,4.85,4.85,,
AISC,HSS,HSS14.000X0.250,36.75,10.1,,,,,4.87,4.87,,
AISC,HSS,HSS14.000X0.188,27.69,7.57,,,,,4.89,4.89,,
AISC,HSS,HSS13.375X0.625,85.19,23.4,,,,,4.53,4.53,,
AISC,HSS,HSS13.375X0.500,68.82,18.9,,,,,4.57,4.57,,
AISC,HSS,HSS13.375X0.375,52.11,14.3,,,,,4.61,4.61,,
AISC,HSS,HSS13.375X0.313,43.64,11.9,,,,,4.63,4.63,,
AISC,HSS,HSS13.375X0.250,35.08,9.6,,,,,4.65,4.65,,
AISC,HSS,HSS13.375X0.188,26.43,7.23,,,,,4.67,4.67,,
AISC,HSS,HSS12.750X0.750,96.21,26.4,,,,,4.27,4.27,,
AISC,HSS,HSS12.750X0.625,81.01,22.2,,,,,4.31,4.31,,
AISC,HSS,HSS12.750X0.500,65.48,17.9,,,,,4.35,4.35,,
AISC,HSS,HSS12.750X0.375,49.61,13.6,,,,,4.39,4.39,,
AISC,HSS,HSS12.750X0.250,33.41,9.16,,,,,4.43,4.43,,
AISC,HSS,HSS12.750X0.188,25.18,6.89,,,,,4.45,4.45,,
AISC,HSS,HSS12.000X0.625,76.0,20.9,,,,,4.04,4.04,,
AISC,HSS,HSS12.000X0.500,61.47,16.9,,,,,4.08,4.08,,
AISC,HSS,HSS12.000X0.375,46.6,12.8,,,,,4.12,4.12,,
AISC,HSS,HSS12.000X0.250,31.4,8.6,,,,,4.16,4.16,,
AISC,HSS,HSS11.750X0.625,74.33,20.4,,,,,3.95,3.95,,
AISC,HSS,HSS11.750X0.500,60.13,16.5,,,,,3.99,3.99,,
AISC,HSS,HSS11.750X0.375,45.6,12.5,,,,,4.03,4.03,,
AISC,HSS,HSS11.750X0.337,41.12,11.3,,,,,4.04,4.04,,
AISC,HSS,HSS11.750X0.250,30.73,8.41,,,,,4.07,4.07,,
AISC,HSS,HSS10.750X0.625,67.65,18.6,,,,,3.6,3.6,,
AISC,HSS,HSS10.750X0.500,54.79,15.0,,,,,3.64,3.64,,
AISC,HSS,HSS10.750X0.375,41.59,11.4,,,,,3.68,3.68,,
AISC,HSS,HSS10.750X0.313,34.87,9.55,,,,,3.7,3.7,,
AISC,HSS,HSS10.750X0.250,28.06,7.7,,,,,3.72,3.72,,
AISC,HSS,HSS10.750X0.188,21.17,5.79,,,,,3.74,3.74,,
AISC,HSS,HSS10.000X0.625,62.64,17.2,,,,,3.34,3.34,,
AISC,HSS,HSS10.000X0.500,50.78,13.9,,,,,3.38,3.38,,
AISC,HSS,HSS10.000X0.375,38.58,10.6,,,,,3.41,3.41,,
AISC,HSS,HSS10.000X0.312,32.31,8.88,,,,,3.43,3.43,,
AISC,HSS,HSS10.000X0.250,26.06,7.15,,,,,3.45,3.45,,
AISC,HSS,HSS10.000X0.188,19.72,5.37,,,,,3.47,3.47,,
AISC,HSS,HSS9.625X0.625,60.13,16.5,,,,,3.2,3.2,,
AISC,HSS,HSS9.625X0.500,48.77,13.4,,,,,3.24,3.24,,
AISC,HSS,HSS9.625X0.375,37.08,10.2,,,,,3.28,3.28,,
AISC,HSS,HSS9.625X0.312,31.06,8.53,,,,,3.3,3.3,,
AISC,HSS,HSS9.625X0.250,25.06,6.87,,,,,3.32,3.32,,
AISC,HSS,HSS9.625X0.188,18.97,5.17,,,,,3.34,3.34,,
AISC,HSS,HSS8.625X0.625,53.45,14.7,,,,,2.85,2.85,,
AISC,HSS,HSS8.625X0.500,43.43,11.9,,,,,2.89,2.89,,
AISC,HSS,HSS8.625X0.375,33.07,9.07,,,,,2.93,2.93,,
AISC,HSS,HSS8.625X0.322,28.58,7.85,,,,,2.95,2.95,,
AISC,HSS,HSS8.625X0.250,22.38,6.14,,,,,2.97,2.97,,
AISC,HSS,HSS8.625X0.188,16.96,4.62,,,,,2.99,2.99,,
AISC,HSS,HSS7.500X0.500,37.42,10.3,,,,,2.49,2.49,,
AISC,HSS,HSS7.500X0.375,28.56,7.84,,,,,2.53,2.53,,
AISC,HSS,HSS7.500X0.312,23.97,6.59,,,,,2.55,2.55,,
AISC,HSS,HSS7.500X0.250,19.38,5.32,,,,,2.57,2.57,,
AISC,HSS,HSS7.500X0.188,14.7,4.0,,,,,2.59,2.59,,
AISC,HSS,HSS7.000X0.500,34.74,9.55,,,,,2.32,2.32,,
AISC,HSS,HSS7.000X0.375,26.56,7.29,,,,,2.35,2.35,,
AISC,HSS,HSS7.000X0.312,22.31,6.13,,,,,2.37,2.37,,
AISC,HSS,HSS7.000X0.250,18.04,4.95,,,,,2.39,2.39,,
AISC,HSS,HSS7.000X0.188,13.69,3.73,,,,,2.41,2.41,,
AISC,HSS,HSS7.000X0.125,9.19,2.51,,,,,2.43,2.43,,
AISC,HSS,HSS6.875X0.375,26.06,7.16,,,,,2.31,2.31,,
AISC,HSS,HSS6.875X0.312,21.89,6.02,,,,,2.33,2.33,,
AISC,HSS,HSS6.875X0.250,17.71,4.86,,,,,2.35,2.35,,
AISC,HSS,HSS6.875X0.188,13.44,3.66,,,,,2.37,2.37,,
AISC,HSS,HSS6.625X0.500,32.74,9.0,,,,,2.18,2.18,,
AISC,HSS,HSS6.625X0.432,28.6,7.86,,,,,2.2,2.2,,
AISC,HSS,HSS6.625X0.375,25.06,6.88,,,,,2.22,2.22,,
AISC,HSS,HSS6.625X0.312,21.06,5.79,,,,,2.24,2.24,,
AISC,HSS,HSS6.625X0.280,18.99,5.2,,,,,2.25,2.25,,
AISC,HSS,HSS6.625X0.250,17.04,4.68,,,,,2.26,2.26,,
AISC,HSS,HSS6.625X0.188,12.94,3.53,,,,,2.28,2.28,,
AISC,HSS,HSS6.625X0.125,8.69,2.37,,,,,2.3,2.3,,
AISC,HSS,HSS6.000X0.500,29.4,8.09,,,,,1.96,1.96,,
AISC,HSS,HSS6.000X0.375,22.55,6.2,,,,,2.0,2.0,,
AISC,HSS,HSS6.000X0.312,18.97,5.22,,,,,2.02,2.02,,
AISC,HSS,HSS6.000X0.280,17.12,4.69,,,,,2.03,2.03,,
AISC,HSS,HSS6.000X0.250,15.37,4.22,,,,,2.04,2.04,,
AISC,HSS,HSS6.000X0.188,11.68,3.18,,,,,2.06,2.06,,
AISC,HSS,HSS6.000X0.125,7.85,2.14,,,,,2.08,2.08,,
AISC,HSS,HSS5.563X0.500,27.06,7.45,,,,,1.81,1.81,,
AISC,HSS,HSS5.563X0.375,20.8,5.72,,,,,1.85,1.85,,
AISC,HSS,HSS5.563X0.258,14.63,4.01,,,,,1.88,1.88,,
AISC,HSS,HSS5.563X0.188,10.8,2.95,,,,,1.91,1.91,,
AISC,HSS,HSS5.563X0.134,7.78,2.12,,,,,1.92,1.92,,
AISC,HSS,HSS5.500X0.500,26.73,7.36,,,,,1.79,1.79,,
AISC,HSS,HSS5.500X0.375,20.55,5.65,,,,,1.83,1.83,,
AISC,HSS,HSS5.500X0.258,14.46,3.97,,,,,1.86,1.86,,
AISC,HSS,HSS5.000X0.500,24.05,6.62,,,,,1.61,1.61,,
AISC,HSS,HSS5.000X0.375,18.54,5.1,,,,,1.65,1.65,,
AISC,HSS,HSS5.000X0.312,15.64,4.3,,,,,1.67,1.67,,
AISC,HSS,HSS5.000X0.258,13.08,3.59,,,,,1.69,1.69,,
AISC,HSS,HSS5.000X0.250,12.69,3.49,,,,,1.69,1.69,,
AISC,HSS,HSS5.000X0.188,9.67,2.64,,,,,1.71,1.71,,
AISC,HSS,HSS5.000X0.125,6.51,1.78,,,,,1.73,1.73,,
AISC,HSS,HSS4.500X0.375,16.54,4.55,,,,,1.47,1.47,,
AISC,HSS,HSS4.500X0.337,15.0,4.12,,,,,1.48,1.48,,
AISC,HSS,HSS4.500X0.237,10.8,2.96,,,,,1.52,1.52,,
AISC,HSS,HSS4.500X0.188,8.67,2.36,,,,,1.53,1.53,,
AISC,HSS,HSS4.500X0.125,5.85,1.6,,,,,1.55,1.55,,
AISC,HSS,HSS4.000X0.313,12.34,3.39,,,,,1.32,1.32,,
AISC,HSS,HSS4.000X0.250,10.0,2.76,,,,,1.33,1.33,,
AISC,HSS,HSS4.000X0.237,9.53,2.61,,,,,1.34,1.34,,
AISC,HSS,HSS4.000X0.226,9.12,2.5,,,,,1.34,1.34,,
AISC,HSS,HSS4.000X0.220,8.89,2.44,,,,,1.34,1.34,,
AISC,HSS,HSS4.000X0.188,7.66,2.09,,,,,1.35,1.35,,
AISC,HSS,HSS4.000X0.125,5.18,1.42,,,,,1.37,1.37,,
AISC,HSS,HSS3.500X0.313,10.66,2.93,,,,,1.14,1.14,,
AISC,HSS,HSS3.500X0.300,10.26,2.82,,,,,1.14,1.14,,
AISC,HSS,HSS3.500X0.250,8.69,2.39,,,,,1.16,1.16,,
AISC,HSS,HSS3.500X0.216,7.58,2.08,,,,,1.17,1.17,,
AISC,HSS,HSS3.500X0.203,7.15,1.97,,,,,1.17,1.17,,
AISC,HSS,HSS3.500X0.188,6.66,1.82,,,,,1.18,1.18,,
AISC,HSS,HSS3.500X0.125,4.51,1.23,,,,,1.2,1.2,,
AISC,HSS,HSS3.000X0.250,7.35,2.03,,,,,0.982,0.982,,
AISC,HSS,HSS3.000X0.216,6.43,1.77,,,,,0.992,0.992,,
AISC,HSS,HSS3.000X0.203,6.07,1.67,,,,,0.996,0.996,,
AISC,HSS,HSS3.000X0.188,5.65,1.54,,,,,1.0,1.0,,
AISC,HSS,HSS3.000X0.152,4.63,1.27,,,,,1.01,1.01,,
AISC,HSS,HSS3.000X0.134,4.11,1.12,,,,,1.02,1.02,,
AISC,HSS,HSS3.000X0.125,3.84,1.05,,,,,1.02,1.02,,
AISC,HSS,HSS2.875X0.250,7.02,1.93,,,,,0.938,0.938,,
AISC,HSS,HSS2.875X0.203,5.8,1.59,,,,,0.952,0.952,,
AISC,HSS,HSS2.875X0.188,5.4,1.48,,,,,0.957,0.957,,
AISC,HSS,HSS2.875X0.125,3.67,1.01,,,,,0.976,0.976,,
AISC,HSS,HSS2.500X0.250,6.01,1.66,,,,,0.806,0.806,,
AISC,HSS,HSS2.500X0.188,4.65,1.27,,,,,0.825,0.825,,
AISC,HSS,HSS2.500X0.125,3.17,0.869,,,,,0.844,0.844,,
AISC,HSS,HSS2.375X0.250,5.68,1.57,,,,,0.762,0.762,,
AISC,HSS,HSS2.375X0.218,5.03,1.39,,,,,0.771,0.771,,
AISC,HSS,HSS2.375X0.188,4.4,1.2,,,,,0.781,0.781,,
AISC,HSS,HSS2.375X0.154,3.66,1.0,,,,,0.791,0.791,,
AISC,HSS,HSS2.375X0.125,3.01,0.823,,,,,0.8,0.8,,
AISC,HSS,HSS1.900X0.188,3.44,0.943,,,,,0.613,0.613,,
AISC,HSS,HSS1.900X0.145,2.72,0.749,,,,,0.626,0.626,,
AISC,HSS,HSS1.900X0.120,2.28,0.624,,,,,0.634,0.634,,
AISC,HSS,HSS1.660X0.140,2.27,0.625,,,,,0.543,0.543,,
AISC,PIPE,Pipe26STD,103.0,28.2,,,,,9.07,9.07,,
AISC,PIPE,Pipe24STD,94.7,26.0,,,,,8.36,8.36,,
AISC,PIPE,Pipe20STD,78.7,21.6,,,,,6.95,6.95,,
AISC,PIPE,Pipe18STD,70.7,19.4,,,,,6.24,6.24,,
AISC,PIPE,Pipe16STD,62.6,17.2,,,,,5.53,5.53,,
AISC,PIPE,Pipe14STD,54.6,15.0,,,,,4.83,4.83,,
AISC,PIPE,Pipe12STD,49.6,13.7,,,,,4.39,4.39,,
AISC,PIPE,Pipe10STD,40.5,11.5,,,,,3.68,3.68,,
AISC,PIPE,Pipe8STD,28.6,7.85,,,,,2.95,2.95,,
AISC,PIPE,Pipe6STD,19.0,5.2,,,,,2.25,2.25,,
AISC,PIPE,Pipe5STD,14.6,4.01,,,,,1.88,1.88,,
AISC,PIPE,Pipe4STD,10.8,2.96,,,,,1.51,1.51,,
AISC,PIPE,Pipe3-1/2STD,9.12,2.5,,,,,1.34,1.34,,
AISC,PIPE,Pipe3STD,7.58,2.07,,,,,1.17,1.17,,
AISC,PIPE,Pipe2-1/2STD,5.8,1.61,,,,,0.952,0.952,,
AISC,PIPE,Pipe2STD,3.66,1.02,,,,,0.791,0.791,,
AISC,PIPE,Pipe1-1/2STD,2.72,0.749,,,,,0.626,0.626,,
AISC,PIPE,Pipe1-1/4STD,2.27,0.625,,,,,0.543,0.543,,
AISC,PIPE,Pipe1STD,1.68,0.469,,,,,0.423,0.423,,
AISC,PIPE,Pipe3/4STD,1.13,0.312,,,,,0.336,0.336,,
AISC,PIPE,Pipe1/2STD,0.85,0.234,,,,,0.264,0.264,,
AISC,PIPE,Pipe26XS,136.0,36.1,,,,,9.03,9.03,,
AISC,PIPE,Pipe24XS,126.0,33.3,,,,,8.33,8.33,,
AISC,PIPE,Pipe20XS,104.0,27.6,,,,,6.91,6.91,,
AISC,PIPE,Pipe18XS,93.5,24.8,,,,,6.21,6.21,,
AISC,PIPE,Pipe16XS,82.9,22.0,,,,,5.5,5.5,,
AISC,PIPE,Pipe14XS,72.2,19.2,,,,,4.79,4.79,,
AISC,PIPE,Pipe12XS,65.5,17.5,,,,,4.35,4.35,,
AISC,PIPE,Pipe10XS,54.8,15.1,,,,,3.64,3.64,,
AISC,PIPE,Pipe8XS,43.4,11.9,,,,,2.89,2.89,,
AISC,PIPE,Pipe6XS,28.6,7.83,,,,,2.2,2.2,,
AISC,PIPE,Pipe5XS,20.8,5.73,,,,,1.85,1.85,,
AISC,PIPE,Pipe4XS,15.0,4.14,,,,,1.48,1.48,,
AISC,PIPE,Pipe3-1/2XS,12.5,3.43,,,,,1.31,1.31,,
AISC,PIPE,Pipe3XS,10.3,2.83,,,,,1.14,1.14,,
AISC,PIPE,Pipe2-1/2XS,7.67,2.1,,,,,0.93,0.93,,
AISC,PIPE,Pipe2XS,5.03,1.4,,,,,0.771,0.771,,
AISC,PIPE,Pipe1-1/2XS,3.63,1.0,,,,,0.61,0.61,,
AISC,PIPE,Pipe1-1/4XS,3.0,0.837,,,,,0.528,0.528,,
AISC,PIPE,Pipe1XS,2.17,0.602,,,,,0.41,0.41,,
AISC,PIPE,Pipe3/4XS,1.48,0.407,,,,,0.325,0.325,,
AISC,PIPE,Pipe1/2XS,1.09,0.303,,,,,0.253,0.253,,
AISC,PIPE,Pipe12XXS,126.0,35.4,,,,,4.2,4.2,,
AISC,PIPE,Pipe10XXS,104.0,28.8,,,,,3.51,3.51,,
AISC,PIPE,Pipe8XXS,72.5,20.0,,,,,2.78,2.78,,
AISC,PIPE,Pipe6XXS,53.2,14.7,,,,,2.08,2.08,,
AISC,PIPE,Pipe5XXS,38.6,10.7,,,,,1.74,1.74,,
AISC,PIPE,Pipe4XXS,27.6,7.66,,,,,1.39,1.39,,
AISC,PIPE,Pipe3XXS,18.6,5.17,,,,,1.06,1.06,,
AISC,PIPE,Pipe2-1/2XXS,13.7,3.83,,,,,0.854,0.854,,
AISC,PIPE,Pipe2XXS,9.04,2.51,,,,,0.711,0.711,,
